star,comment
3,"커버력 : 남자분들중에 화장하시는분들은 모르겠음 일반적으로 출근전,외출전에 피부톤 조금 업 시키시는분들은 커버력 드라마틱하지 않음용량 : 튜브형쓰다가 처음으로 써봣는데 생각보다 적음 튜브형쓰시던분들은 용량에 놀람편리성 : 튜브형보다는 확실히 좋음 가격이 비슷한데 용량이 작은이유가 이거구나 싶음 튜브형은 손으로 펴바르다가 외출하면 옷이나 폰 차량핸들에 묻으면 분명 닦는다고 닦앗는데 눈에 거슬림 그런거 없어서 좋긴함티가나는지 : 티 안남 왜냐 트러블이 안가려질정도니까총평 : 용량이 작아서인지 바를때 패드에 잘안묻어서 나옴 그래서 꾹꾹눌러쓰다보니 금방 사용 끝남 커버력도 생각보다 별로고튜브형보다 편리하다? 가지고다니기 좋다? 그냥 편리하기만함..다시 튜브형사서 손을 잘 씻는 방법을 선택해야겠다고 느낌아! 마스크에 많이 묻어나옴 화장품이라 그러려니해도 좀 많이 묻어나옴 번들거리진 않음"
3,원래 BB크림 제품을 사용하다가 퍼프를 따로쓰는것도 귀찮고해서 쿠션제품을 구매하게 되었습니다.색상이 단일색상이라 전체적으로 어울린다는 평을 많이 봤는데 저는 피부가 까만편이였나봐요..너무 밝은 느낌이네요.두껍게 바르면 너무 하얗게 티나고 일반적인 양으로 바르면 톤만 밝아지고 잡티커버는 어려운듯한 제품입니다첫 입문용으로 사용하기에 부담없을 것 같고 커버력을 원한다면 다른 제품과 함께 사용해야 할 듯합니다.
3,같은제품 액상을 써보고 괜찮아서 이제품도 시켜봤는데딥베이지보다는 라이트 베이지 톤인거 같구요피부가 밝은편이 아니신분은 얼굴과 목이 선명하게 다르게 보이는 투톤이 보이네여 피부에 밀착돼는 속도도 느려서 피부톤이 밝은분이 아니라면 쿠션제품보다는 액상을 추천드립니다
3,진짜 지금도 거울을보니 얼굴이 모자이크된거처럼 보이지가 않네요.고객들이 불편사항을 건의하면 그걸 개선을 해야하는데 난모르겟다 하고 지금도 개선을 안하네요
3,향은 없습니다건조함 있습니다 그래서 로션이랑 같이 발라야해요.저는 얼굴이 까만 편이라서 바른 티가 좀 납니다. 평균적인 남성 피부를 가진 분에게는 티 안나서 괜찮을 정도에요.
3,색감은 한국인남성이 발랐을때 크게 부담감없는 색상이긴 합니다만 지성인 제가 이틀 아침부터 밤까지 수정안하고지켜봤을때 코주위에 갈라집니다..
3,피부 밝은편입니다. 이것저것 많이 사용해봤는데 결국 남자는 자연스럽고 티안나는게 중요한데 이건 티가 많이나요..
3,사용하는데 너무좋아요피부톤도 좋고 사용하구 나가면 솔직히 어려보인다해서좋음단점은 양이 적음
3,너무 화장한티가 나서. 두껍게 화장하실분만 구매하세요. 저는 아닌거같네요.
3,커버력은좋으나 남자혼자서 바르기엔 연습이 필요할듯요  톤이밝아서 얇게 한참 두들겨줬네요
3,커버력 별루없어요 색상너무 밝음 적당량 바르기 뭔가애매함
3,맨즈인데 설명서를 잘못읽어서...ㅎㅎ 몇번쓰다가 버렸는데 쓰는동안 괜찮았어요
3,얼굴 하얗게 뜨네요..흡수도 잘안되고요...
3,한달사용후 끝남커버력 괜찮양 엄청적음
3,너무 하여이 나오던데....백인된줄
3,얼굴이 하얀편이지만서도 너무 밝아져요
3,마스크 쓰면 묻던데요?
3,티가안나.....가려지지 않아 잡티가 ㅠ
3,아직사용안해봣엉ㅅ
3,생각보다별로입니다.
3,바르고 나면 피부가 뒤집어지네요
3,일단 피부 관리 하려고 샀어요!
3,15일정도 하루에 매일 바르면없어짐
2,"일반적인 남자 톤이라고 했는데, 아주 밝습니다. 평소에 저도 하얀편에 속하는데 이건 더 하얗네요.그래서 바르면 엄청 하얘져요ㅠㅠ 그리고 여드름 또한 커버되지 않아요 피부결이 살짝 정리되는 느낌??그리고 다슈에서 같이 산 컨실러랑 색이 달라서 같이 못씁니다 ㅠ 여드름 가리는 용으로 사는 거 절대 비추 피부가 하얗지 않은 분이 사는 거 절대 비추 피부가 하얀데 피부결을 살짝 정리하고 싶은 분 추천저도 최신순 리뷰를 볼 걸 그랬네요 ㅠㅠ 눈사람 되신 분이 많으시구나"
2,상품 자체는 괜찮습니다. 근데 뜨네요.. 원래는 반트의 21호 쿠션을 사용했는데 남성용 쿠션이라길래 사봤습니다.피부가 엄청 밝은 편이라 21호 안쓰고 23호 쓰면 피부톤이 더 칙칙해져버리는데 이 제품은 23호네요.개인적인 만족도는 낮습니다. 사긴했지만 안쓰거나 필요한 사람한테 줄 것 같네요.21호 쓰시는 분들에게는 비추입니다.
2,피부 하얀데 기미나 주근깨 눈 및 커버를 원하시는 분은 1호나 2호 추천합니다. 저도 몰랐는데 후기처럼 왠만한 남자는 3호라고 하서 구매했는데 1호로 바꿔야 할 것 같아요. 3호 바르면 누렇습니다. 피부 하얀 분들 살짝 커버를 원하시면 3호는 비추입니다.
2,상품평이 좋아서 시켜서 발라봤습니다.일단 좀 많이 뭍어나구요 어두운계통 옷입을때는 피해야될꺼같네요.여름이라 땀도나고하니 바르고 운동해봤는데 생각보다 많이 무너지지는 않는거갘습니다.
2,제가 원래 비레디 2호쓰다가 요것도 한번 사봤는데바르고나서 얼굴이 더 베이지색깔로 어두워져서 좀 놀랐네요커버력은 비슷한거같은데 톤은 확실히 어둡네요ㅠ색깔도 좀 별로구요
2,제가 26호 정도?의 어두운 톤의 피부라 원컬러로 될까 했지만 상세페이지에 어두운피부에도 자연스럽게 올라간다고 해서 속는셈 치고 사봤습니다만하지만 역시나 둥둥 뜨네요. 피부톤이 어두우신분들은 쓰지마세요
2,모든걸 잡아준다기에 믿고 시켰더니....피부 입주위 뜨는건 어쩔....댓글 알바들 꽤있는듯...건성 피부들은 올인원 발라도 못잡으니 사지 마시길...
2,며칠 쓰니...리필해야할듯...양이 적은건지 마른건지...
2,정확히 이 제품이 원인일지는 모르겠는데 이거 한 이틀 썼는데 그 이후로 여드름이 많이 올라오네요..저랑은 안맞는것 같습니다.
2,개기름을 못잡아줌 특히 기름 많이 나오는 코쪽에서 쩍쩍 갈라짐
1,다슈 맨즈 아쿠아 매트 비비 쿠션 리얼 후기사실 리뷰들 거의 다 보고 샀는데 너무 좋아서 저도 샀습니다. 그래서 배송 온 후 피부 잡티도 많이 가려지고피부톤 정리도 잘되서 만족스럽게 쓰고 있었습니다..근데 왠걸..... 제가 삿을때보다 가격이 할인되서 파네여...후 좀만 늦게 살걸... 제품은 남자들이 좋아할수 있는 쿨링감 .. 커버력 색상 다 평타 이상합니다..아그리고 전에 쿠션 거울이 뿌옇다고한 글 봐서 저도 살짝 걱정했는데..보니깐 그분이 필름지를 ...... 안벗긴거네여..필름지 벗기면 거울이에여....전 제품이 맘에드나 제가 구매한 가격보다 더 저렴하여..약 이천원 정도... 후....그래서 약간 심통나서 글 올립니다...........
1,건성에게는 정말 최악의 매트 평점보고 샀으나/마케팅인가 싶을 정도로 최악임촉촉하지 않음 너무 매트함 수염이 빨리 자라는 남자에게 혹은 면도를 하는 남자에게 최악 /건성은 피하세요
1,리뷰들 보면 다들 만족스럽다고 하시는데마스크 묻어남이 저만 그런가요?..세안 후 토너하고 수분크림 바르고 난 뒤에 이 제품을 사용했는데 출근 후 밥 먹을 때 확인했는데 마스크 묻어남이심하더라구요.
1,"마스크에 안묻는다고요? 많이 묻어요.커버력은 좋아보입니다. 근데 커버할려고 그만큼 바르면 티가 많이남 용량 개작음결론, 마스크에 묻고 용량작고 티 많이남 다만 커버력은 좋음 끝"
1,이거 거울원래이런거에요?열자말자 기분팍상하네요 얼굴안보이구 막 긁혀있고 이거 서리 낀게아니고아예안보여요
1,피부톤 밝은편인데 써보니 가부키 됨. 진짜 살짝 찍어발라야됨. 그리고 엄청 뜸. 살짝 휴지로 찍어보니 저모양. 다신안살듯.
1,리뷰가 너무 좋아서 구매후 사용했다가 피부 다 뒤집어져서 어디 나가지도 못하네요.. 다른분들은 모르겠지만 제 피부는 얼굴 전체가 울긋불긋 해지고 엄청 손상됬습니다.
1,이 제품은 최악이에요들떠서 보기싫어지고요 흡수력도 최악이고아무튼 다시는 이 브랜드 안 사려구요 최악입니다돈 더 주고 좋은 거 쓰세요
1,잘 밀림 바르면 매트한 느낌 기름이 금방뜸  나한테 잘 안맞음.약간 누런 느낌
1,마스크에 엄청 묻고나고 평소 21호쓰는데 23호보다도 휠어둡고 뜨기까지
1,이걸 왜 씀 그냥 포맨트 쓰셈
1,넘 안좋아요 . 양도 적구 발림두 별루 ㅠ 후회막심
1,티가 많이 나고 화장 뜸 비추
1,허옇게됨! 티겁나남
1,퍼프가 안왔어요
1,이거 쓰면 눈사람 가운데 왜 흰색을해놔서 얼굴이 다 눈사람
1,컬러가 너무 밝아요모든피부가 바르면 무조건 뜨는 그런 쿠션인거같네요
1,화장 엄청뜨고 그냥 가오나시 라고 생각하면 편할듯...
1,꽤 여러가지 제품 써본 사람입니다..그냥 추천 뜨길래 사봤는데..아놔...가부끼 얼굴이 되어 버림 ㅠㅠ 그냥 마네킹 처럼 플라스틱 인간이 됨 ㅠ
1,제가 주문한건 아쿠아쿠션뿐인데 왜 비타오백 국물까지 온거죠??? ㅋㅋㅋㅋㅋㅋ 무슨 동치미마냥 참...ㅋㅋㅋ 어이가없어서 웃음이 나오네요. 욕맥이는것도아니고 비타오백 국물이 한가득 담겨져서 배송이 왔네요 ㅋㅋㅋㅋㅋㅋㅋㅋㅋㅋㅋㅋㅋㅋㅋㅋㅋㅋㅋㅋㅋㅋㅋㅋㅋㅋㅋㅋㅋㅋㅋㅋㅋㅋㅋㅋㅋㅋㄱㅋㅋㅋㅋㅋㅋㅋㅋㅋㄱㅋㅋㅋㅋㅋㅋㅋㅋㅋㅋㅋㅋㅋㅋㅋㅋㅋㅋㅋㅋㅋㅋㅋㅋㅋㅋㅋㅋㅋㅋㅋㅋㅋㅋㅋㅋㅋㅋㅋㄱㅋㅋㅋㅋㅋㅋㅋㅋㅋㅋㅋㅋㅋㅋㅋㅋㅋㅋㅋㅋㅋㅋㅋㅋㅋㅋㅋㅋㅋㅋㅋㅋㅋㅋㅋㅋㅋㅋㅋㅋㅋㅋㅋㅋㅋㅋㅋㅋㄱㅋㅋㅋㅋㅋㅋㅋㅋㅋㄱㅋㅋㅋ
3," BB크림에 비해 잘 발리는 편입니다. BB크림 발라보신분들은 아시겠지만 약간 뻑뻑한데,이 제품은 그에 비하면 많이 소프트해서 괜찮아요 자연스러운 톤업이라고 해서 구매했는데, BB크림보다 특별히 더 자연스럽다거나 한것 같지는 않네요.그냥 하얗게 돼요.양 조절도 잘 하셔야 해요. 진짜 살짝 발랐는데도 많이 하얗게 돼요.향은 거부감이 없는 향입니다. 특별히 불만 없네요"
3,"우선 뚜꺼이 불량이어서.. 제품이 새어나와서 가방 다 버렸고, 제품도 버렸습니다. 다시 안사고 싶었으나, 그래도 제품자체는 나쁘지 않아서 재구매 했습니다. 또 불량이지 않기를"
3,쿠팡체험단에서 구매했어요 제거는 구매할게 없어서 아들 한테 필요 한거있으면 골라보라고 하니까 이 제품을 구매했어요 제품 생긴거는 화장품 같지않고 구두약 처럼 생겼어요 자세하게 안보면 구두약 인줄 알겠어요 쿠팡체험단 이벤트로 상품을 무료로 제공 받아 작성한 구매 후기입니다.
3,미남 크림이래서 취업 최종면접을 앞두고 면접관에게 선한 인상을 심어주기 위해 큰맘 먹고 구입했으나 오늘 탈락의 고통이 담긴 문자를 받았습니다.여러분 미남의 근본적인 문제는 첨가물에 있는 것이 아니라 태생적 한계에 있다는 사실입니다.물론 제가 면접에 붙었으면 이 제품은 갓-크림이죠.아무튼 전 미남에 실패했습니다. 아디오스.
3,"가볍게 톤업하면서 미백효과를 찾던 중이었는데, 정말 로션같고 바르기 좋습니다!근데, 개봉을 했는데 제가 튜브를 누르지도 않았는데 거북알 아이스크림처럼 자기 혼자 계속 꾸물꾸물 나오더라고요?> 그래서 거의 5분의 1정도 버리고 사용을 시작했습니다.그 점 빼곤 가성비도 굉장히 괜찮은 제품입니다."
3,확실히 화사하게 톤업은 됩니다. 발림은 좀 묽어서 남자가 사용하기에 딱 적당합니다. 가격도 괜찮구요. 단점은 발랏을때 모공에 좀 남아서 떡지는 느낌? 이 조금 있어서 자세히 보면 하얗게 남아 있는게 있어요. 어떻게 발라야 잘 발리는지 모르겟어요.
3,저는 백설기크림에서 갈아탔는데백설기보단 발림성 수분감 좋아요백설기는 뭉치게발렸는게 이건 잘발리고뭉치지 않아요근대 전 여드름성 피분데 백설기땐 여드름이 안났는데이거쓰고 여드름이 엄청나요다시 백설기로 바꾸려구요
3,새 제품은 한번 눌러지면 끊임없이 나와서 관리가 힘듦기능성제품이며 성능은 확실하지만케이스의 문제로 재구매 의사는 떨어짐재구매 의사  50%
3,"생각보다 얼굴이 너무 하얗게 보여요 자연스럽지않게얼굴이 검은 편인데 표시가 제법 나네요이전에 사용하던 젠틀피버 대신 구매해 봤는데, 저는 젠틀피버가 더 낳네요 자연스럽고 화사한느낌이"
3,이거구매한지 2개월인가 3개월정도 된것같은데 아무리발라고 별차이가없네요.......매일 꾸준히발라서 약간어두운곳에봐도 쪼금만하얗게되고 별차이없어요
3,백탁이 좀 심해요...ㅠ바르고 시간 지나면 들뜸도 심한 편이고요.물론 기본 관리를 안 한 탓도 있겠지만요.그래도 비비의 역할보다는 썬크림에 가깝네요.그냥 제 손 핸즈크림 대용으로 쓸까봐요....^^;;;
3,비비크림 대용으로 구매했는데 로션정도 되네요커버력은 없지만 전체적으로 톤업은 확실히 됩니다이거 살짝바르고 커버할부분만 비비 등으로 해주면 좋네요
3,그냥 뭐..바르면 즉각 톤업이 약간 되는게 보이긴 하지만오랜 지속은 모르겠네요 원래 흰피부라서..걍 쓰기엔 좋네여 추천
3,트러블이 조금씩생기는거같아 타제품을 사용중입니다..시간이 지나면 좀 끈적거리고 모공을 막는듯한 답답한느낌이있습니다
3,상품 자체는 좋은데 뽑기를 잘못해서 안좋은걸 받았나보네요..
3,발림성이 좋고 피부색이 밝아져 톤업이 되긴하나 피부 트러블이 올라오네요.. 피부 약하신 분들은 성분 잘보고 사세요!
3,퀄리티 는굳그러나양도적고가격도비싼것같고화이트닝제품제질이쇠라서실용성이떨어지는것같음
3,톤업이 생각보다 그렇게 나타나는거 같지는 않구요.눈썹에 묻으니까 비듬처럼 생기는 현상이 있어서요
3,기대를 많이 해서 그런지 잘 모르겠어요... 그냥 백탁현상 나는 선크림이랑 비슷한 느낑이에요
3,가볍게 발라지고 얼굴이 자연스럽게 하얘져서 좋아요
3,잘모르겠다 시간지나면 미백기 금방사라지고 피부에 뭐올라옴
3,조금만 써도 톤업은 되는데 가부끼가 안되도록 조심혀
3,"자연스레 미백이됩니다만, 너무 되직하여 밀려요."
3,미백제품은 어떻게 발라도 백탁현상이 있네요..
3,"너무 하에짐,,,ㅜㅜ"
3,그냥 그래요
3,향이나 발림성은 좋은데 지속력기 길지 않는 듯
3,보통이에요
3,생각보단 두껍네요
3,간편하게 쓰기가좋고 발림성도 굿
3,아직 효과 못봤어요
3,5개째 재구매중
3,나쁘지 않아요 5개월동안 잘 썼습니다~
3,크게 효과를 못봐서
3,선물했는데 잘썼으면 좋겠네영
3,너무효과좋구 양도많아요
3,그냥 보통입니다
3,나쁘지 않음
3,톤업관리 괜찮네요
2,고2아들선물로 구입넘 좋아하네요^^
2,미남은 무슨ㅡㅡ바르면 바로 썬크림 잘못발라 하얗게 되는것처럼 변신할수있습니다완젼 티나요 완젼 ㅡㅡ
2,후기들 많이 봤는데~전 별효과와 좋은지 모르겠네요~
2,솔직히 색깔좀 인위적임 뜨거나 묻어나는색은아닌데 쫌 어색함
2,톤업을 어케 해야는지 ㅠㅠ 피부 좋은분들에게 더 없이 좋겠지만 ㅠㅠ
2,좋아요
2,발림성이 생각보단 좋지는 않네요
1,가부키가 이런것이규나 하고 느낄때 끝
1,광고비 엄청 쓴듯.여자친구들도 바른다기에  사봄ㅡㅡ뭐지 썬크림인가.남편 발라봄 .썬크림인가.안 끈적이긴하나.후기처럼 우아^~~^는.아닌듯.솔직 너무실망반품하고싶었으나 한번 발라서.(발라봤으니..알았음)그치만 상세에 톤업이 된다고후기가많아서  샀드만. ㅡ ㅡ. 그냥... 이것만.쓰고재구매는 안할듯..썬크림도 요즘 미백효과다있는데.그냥 썬크림 좀.미백되는거 바르는게.나을듯다시는 구매 안함 ㅡㅡ
1,난 태어나길 강철피부다. 이거 바르고 다음날 볼이 주변이들이 불그스름 하다고 몸좀 챙기라더라. 며칠 지나고 보니 이마부터 눈주변 미간 볼 할것없이 붉어지고 좁쌀처럼 다 올라왔다. 지금 알러지약 먹고 사용 중단 했다.스테로이드 쓰며 고생고생이다. 도대에 화장품에 뭘 넣어 만든거냐?
1,그냥 비비 크림이라고 팔지 뭔 화이트닝 주름개선 이딴거 유혹하지말고 쓰는 방법  남자들 쓰면 어느정도로 느껴지는지 쫌알바 댓글 상품 올리지 말구 내 리뷰가 의심 스러우면 사보면 안다 카테고리에 그냥  비비 크림  써 놓턴가  ㅡㅡ돈이 아깝다
1,팩으로 4일간 진정시키고 일주일정도 후에 겨우 원래대로 돌아옴혹시나 싶어 방금 다시 바르자마자 세수해봤는데 마법같이 바른 부위만 새빨개짐.. 내일 아침 출근하는데 괜히 발라본듯 하..제 피부랑 심각하게 안 맞나봐요
1,이거 바르고 나면 얼굴에 흰색 가루같은거 생기는데검은옷에 떨어지면 얼핏봤을때 비듬같아 보일듯그리고 너무 떠보여서 백탁현상 있는 선블록 바른 느낌
1,생각보다 퍽퍽해서 물이나 스킨을  같이  사용합니다.하얀  피부로 조금 개선되기는 하지만 수분이 날라가면서 피부가   다소 뻣뻣합니다.부자연스고 인위적인 미백 느낌입니다.
1,이거 쓰고 난 뒤로 얼굴에 잡티 많이 올라옴 뾰류지같은게 많이 올라와요 잘보고 피부에 맞게 쓰세요 여자친구도 피부 진짜 좋은데 저 따라 이거 쓰다가 뾰루지같은거 올라옴 참고하세요
1,울굴에 바르고 난 다음 피부가 너무 건조해지고 약 한시간 지난 다음에 크림이 가루로 변하고 화장한 니낌이 들어요. 피부를 개선해 주기는 커녕 더 망가진 것 같아요.
1,구매후 얼굴에 바르고 나서 반나절이 지나고보니 얼굴 눈주위에 붉게 쓰림현상과 간지럼이 매우 심합니다 각질도 일어납니다.저만 그런걸까요? 이틀이지나가도 붉은 피부는 가시지 않고 쓰립니다.
1,땀나는부위에는 뭉쳐져서 보기 싫어집니다 비추 다시구매는 안할거에요
1,화농성에 좁쌀에 붉은기에 다 올라오고 치료하는데만 한달 걸렸네요 저랑은 안 맞나봐요
1,번질거리고 하연티가 너무 남백탁현상 심함별 다섯개 거의 못믿을거 같은 리뷰에요안쓰고 있음
1,"남자친구한테 웨딩촬영전 한번 피부관리 해줄려고 샀는데 피부에 하나도 안먹었어요다 떠여,,,,,,"
1,되게별로에요 잘펴발라지지도않고 커버력도없고 촉감도그닥 쓰던거나써야겠네요
1,과대광고끼가 잇는듯해요효과 잘 몰라서 가끔 쓰니까 2년을 쓸수잇을듯요
1,남자가 쓰기에는 너무밝아요... 한번쓰고 버림
1,피부에 잘 스며들지 않네요 썬크림 바른듯 합니다
1,화이트닝도 잘안돼고 광고에 속은거같아요 ㅠㅠ
1,유해성분이 많음..
3,검정보단 덜 표시날까 싶어 진회색신청 - 결론은 실폐 ㅜ ㅜ눈썹이 확실히 검은사람은 검정색으로 주문하는게 맞을듯하네요부드럽게 발리고 솔질하면 자연스럽게 색이 퍼져서 좋네요
3,"원래 깎아쓰는 아이브로우펜슬 썼었는데요, 오토펜슬이라 확실히 편하긴해요. 근데 색깔이.. 회색...?이고 발림도 안좋아요. 잘그리시는 분들은 모양 바로따서 그리실텐데 발색이 잘 안되다보니 답답할 수 있어요."
3,그레이쓰다가 브라운 사봤는데...브라운은 진짜 별루네요..색이 좀 찐한듯 ㅠㅠ살짝만 발라도 짱구눈썹으로 변신하네요하하.. 전 그냥 쭉 그레이로 가는걸로..
3,액으로 된걸 사야 겠어요 ...개인차는 있지만 ... 씨게 문질렀나 ... 눈썹 3가닥 손해봄 ..사용 안하게 되용
3,저렴한 가격에 맞는 상품인 것 같습니다. 고퀄은 아니지만 무난합니다.
3,눈썹 그리는건 좋은데 시간지나고 만져보면 손에 검은게 그대로 묻어나오네요
3,라인그리는건 제대로 그려지는것도아니고;;타제품 쓰는게 더나을거같네요
3,이거첨해봐서 잘못하지만..진하게는 잘되네여...이거 화장기술배워야하나 ㅋ
3,눈썹문제인지... 잘 그려지지않고 너무 티나는거같아영!!아쉽다ㅠㅠ
3,그닥...
3,만족해요
3,뭔가부실한듯
3,자연스럽지 못한 느낌입니다
3,괜찮은거같아요
3,넘 진해요
3,진짜 좋은데 .. 색깔도 맘에 들구요 !처음 사봤는데 맘에 들어요 ! 근데 다만 배달 올때 뽁뽁이나 그런게 없어서 ㅠ 안에 있는 심이 깨져서 왔어요 ㅠㅠ 그것만 아니면 강추
3,일단 부러져서 왔어요 ㅠㅠ로켓이거니 하고 쓰구요 ㅎㅎ 그리기 참 좋아요
3,펜슬이 부러져서 왔네요
2,일반 로드샵꺼보다는 좋겠지하고 구매 남자들을 위한 아이브로우 구매했지만 발림성도 별로고 그리기도 불편 한번 그려서 색이 채워지는게 아니라 여러번 덧칠을 해야 채워짐 아까워서 사용하지만 다신 구매안할듯
2,자연스럽고 네츄럴하게ㅜ발리고 내눈썹같다but몇시간만지나면 호박마차로 변하듯 원래내눈썹으로 돌아가는 마법을 겪게 된다 그냥 엄청 잘지워짐
2,잘부러집니다... 옆으로 조금만 뉘어서 하면 금방 금방 부러져요. 사서 2주만에 한 6번 썼나? 했는데 3번 부러지고 바닥... 저는 비추합니다
2,"편리하고 저렴하지만, 티가 좀 난다는 점과 잘 번져서 꼭 모양을 자주 정리해줘야한다는점~"
2,좀 티가 안나요. 확 진해지려면 막막 긁어줘야해요.
2,ㅡ
2,그냥저냥 가격값
2,음~~~~~~~
2,걍 그냥..
2,그리기는 쉬워요별로라서 그렇지
2,팬슬이 덜렁거려서배송돼서 아쉽네여
2,노농이
1,제품을 돌려서 꺼내 쓰자마자 부러졌어요 왜 이렇게 약한가요 ㅋ 이런 제품 쓰는게 첨이긴 하지만 심이 너무 약해요
1,뭐가 괜찮다고 하는지. 이해가 안가는 평이 많네요. 남성이라는 특성을 배려하지 않고 그냥 만든제품. 화장 해본적 없는 남자는 절대 구매하지 마시길
1,구매는 몇달 전에 했는데 이제 쓰네요배송 받자마자 열었는데 부러져있네요 귀찮아서 반송은 안 합니다
1,대기업 저가 펜 퀄리티입니다.
1,사진에서 처럼 저렇게 구멍이 뻥 뚫려있었고 안에 아무것도 없었습니다. 이게 포장 상의 문제일까요 아니면 누군가 위에 부분을 자르고 훔쳐간 걸까요?처음엔 누군가 훔쳐가지 않았을까 생각햇으나 아무리 생각해도 이런 저가에 물건을 리스크를 감수하면서까지 훔쳐갈 유인의 없어보이는데다가 잘려진 단면을 보시면 아시겠지만 가위나 칼로 잘라낼 경우 저런 모양이 나오지 않습니다.아무리 봐도 이건 애초에 포장하는 과정에서 물건을 넣지도 않은 채 빈 봉투에 배송스티커만 붙인 채로 물건을 출하했거나 아니면 포장을 제대로 하지 않아 배송하는 과정에서 안에 있는 내용물이 유실된 거 같은데 쿠팡 쪽 입장을 듣고 싶습니다.
1,일단처음에 뜯고펜슬 3분의1이 박살났고나머지 3분의 1은 두번 정도 쓰니 박살났고나머지 펜슬은 오늘 박살났네요개봉하자말자 박살난채로 왔고그냥 쓰려고 했는데사용불가수준으로 부숴지네요
1,열자마자 뭐가 떨어져서 확인해보니 내부에서 다 부서져서 왔네요..
1,싱품이잘못왔어요 ㅠㅠ
1,어떻게 2개다 이렇게 박살이 나서 올수가있죠??뚜껑 여니깐 뭐가 튀어나와서 뭔지했는데 내용물 다부숴져서 쓰지도못하겠고 장난하나
3,왜 바르니까 어두워 지죠....  좀더 밝은 단계상품도 선택할수 있으면 좋겠네요.. ㅜ 걍 샀으니 쓰렵니다..
3,비비는 발라보지못했고 얼굴에 뭐 바르는거 싫어하는데 갑자기 발라야해서 급히 동생주문해줬어요~쪼꼼 답답하다고 하는데 제가 보기엔 그것은 처음 바르니 그런거같고 얼굴 피부가 정돈된듯한 느낌이 들었어요 엄청 얼굴에 뭐 두껍게 바른느낌은 아니구요 .. 근데 시간이 지남에 따라 얼굴이 번들거리는것같고 집에오면 지워지는것같아요 지금은 동생이 비비 바르는것을 쉬고있는 것같아요
3,역시나 드라마틱한 효과는 없습니다. 다만 바르지않은 것보다는 낫다는것이 맞겠지요. 처음엔  피부톤보다  진하게  톤다운 되어서  살짝  당황스럽지만  시간이 조금 지나면 괜찬아 집니다. 마스크를  썻을때  당연히 묻어납니다. 피부흡착을  충분하게  해주면  덜  묻어납니다.  향은  전혀 없는듯  합니다.  바른후  피부의 무게감이나  답답함은 없습니다.  썬크림보다는 가벼운 느낌입니다.      참고로 바르고 외출했을때 주변에서 알아차리지 못하는거 같습니다. 두껍게 바르지만 않는다면요
3,옷깃 등에 안묻는다더니 혹시나가 역시나로 묻습니다. 애초에 안묻을거라 생각하지도 않아서 실망도 없었습니다.그보다 남성 BB 크림 여러제품 써봤는데 안타깝게도 아직은 일본제가 더 낫네요.용량이야 이쪽이 더 많고 가격도 싸지만 얼굴에 잡티를 가리는 거나모공을 숨기는 등의 기능성으로 따지면 여러모로 아쉬운 제품입니다.
3,사지마세요.마스크에 오지게 묻습니다. 미친듯이 묻어납니다. 다른건 그냥 평범한데 이거때문이라도 비추합니다.마스크 벗었는데 진짜 마스크안쪽에 범벅되있습니다. 여자들이 쓴거같은 리뷰는 아마 다 제품지원 리뷰같네요. 쿠팡에도 리뷰하고 제품받는것들 많으니..
3,마스크에 안묻는다고 광고했는데 너무 잘묻어나요...
3,커버력은 그냥 그럼.. 너무 살색 약간의 발색? 정도 있었음 하는데 너무 살색임.. 광고에는 마스크 및 옷깃에 얼룩 없다고 하는데 생김
3,바르고 얼굴에 잘스며들지 못하는지 한참을 방치하노 마스크를 착용했는데 마스크에 얼룩이 가득..
3,피부커버하는 부분이나 자연스럽게 톤업시켜주는 효과 괜찮습니다근데 시국이 시국인지라 마스크를 쓰면 다 묻어나옵니다썬크림하고 소량으로 섞어서 사용하시면 그나마 덜하구요이런부분 신경안쓰신다면 추천합니다
3,톤업은 개뿔 톤 다운됨그리고 마스크나 옷깃에 엄청나게 묻고 잘 지워집니다냄새도 엄청구림쓸수는 있지만 재구매는 안함
3,안녕하세요 처음 비비를 사보았는데요매끄럽게 발리지는 않아요~~~~뻑뻑한  발림은그닥   톤업은 아닌듯 싶구요커버력은  좀 나은편   ^^  짧게   우선 제생각이니까   수고요
3,아들줄까하고 사긴했는데저가한번써보니 잡티는적당히가려지는데 피부톤은좀어둡네요.사용후ㅡ평ㆍ수정할게요
3,마스크에 잘 묻어 나요.
3,괜찮습니다-! 약간 번들거리긴 해요-!
3,엄청묻는구만 커버력은인정
3,조금어둡겐하네요
3,과하지 않고 향이나 색 모두 적당합니당!!
3,생각보다 어둡고 옷에 묻어요
2,"코로나 시기에 별로입니다.마스크 나 와이셔츠 카라에 안묻는다고 했는데...과대광고 입증.-카라에 오지게 묻습니다.-마스크에 오지게 묻습니다.-손에 펴 발른 후 남은거 씻읆대 비누안됩니다.-폼 클렌징으로 세수해도 남으니 클렌징오일 구매 후세수하듯 얼굴에 발라준 후 부드럽게 마사지 하고 폼클렌징 사용하세요.*다른 분들 후기 보고 남자로써 믿고 구매했으나상세페이지는 과대광고 였던듯... 후기도 상품 지원받은 알바일듯... 써본 후기들이 별로없네요..-번들거리지는 않으나 땀에 쉽게 동화되어 눈 따가움-얼굴에 살짝씩 펴 발라가면서 자신에 색에 동화시키는 연습을 미리 2번 정도 해본 후 쓰세요.-썬크림 기능x ,지속성 x(야외활동 시 최대4시간?)*재구매 의사 x 개선 좀 해주세요"
2,번들거림이나 백탁현상은 없는데 옷이나 마스크에 다 묻음... 그리고 몇 시간 뒤에 피부 가려움 증상 생김 ㅠㅠ 세수하니까 괜찮아짐싼 가격에 1+1이라 샀더니 역시... 싼게 비지떡
2,"기존에 에너지팩토리 맨즈핏 제품을 쓰고 있었는데요커버는 잘 되는데, 너무 잘 묻는게 흠이었습니다.이 제품은 묻어나지 않는다기에 구매해봤는데,역시나 엄청 잘 묻습니다.하얀 마스크 금방 위아래 다 묻어납니다..그리고 색도 황토색에 가까워서피부톤 하얀 분들은 비추드립니다.얇게 황토칠 한 것처럼 색이 나와요.피부톤 어두운 분들만 쓰세요..."
2,"백퍼 묻게 되어있는데 과대 광고를 하고 그래.글고 화사하게 발리는 게 아니고 퍽퍽하게 좀 뜬다.로션 바르고 바른건데.. 다만, 나는 화장기술이 없으니까 정도의 차이는 있겠지. 시험삼아 비비는 정말 쪼꼼 발랐다.바르고 한 20분 후에 마스크 쓴 건데..여튼 안묻는다는 거 자체가 말이되냐."
2,피부톤개선이 주 목적이면 다른 제품 추천합니다.선크림 올인원이여서인지 유분기가 굉장히 많고 생각보다 색상이 어둡습니다.저는 바르고나서 위에 비비파우더로 덧대고 메이크업픽서까지 뿌려줍니다. 그래야 번들거리는 느낌 없고 여기저기 안 묻어서 지워지는거 그나마 방지되요.이것만 바르면 진짜 외출 2시간만 지나도 옷이랑 얼굴 난리날듯..
2,화장품이 마스크고 땀나면 그냥 씻겨지고 옷에 잘못했다가는 엄청나게 묻고 그냥 바르고 아무것도 안하고 누워만 있을사람에게 추천함 자외선은 그나마 괜찮은거 같으니까 베스트리뷰는 직원 일당들인가 ㅋㅋ 신기할따름.
2,발림성이랑 커버력은 좋아요 근데 안묻는다고 광고까지해놓고 그 어떤 비비크림보다 잘묻는건뭐죠?ㅋㅋㅋ 라네즈옴므 선비비 쓰다가 단종되서 한번 사봣는데 너무 마스크에 너무 심하게 묻음..
2,"남편 발라줬는데 톤 보정이 자연스럽게 되서이정도면 괜찮네~ 싶었는데피부가 간지럽다고 하네요ㅠ그리고 마스크를 꼈다가 벗었는데 묻어나와서,,아쉽고 난감해요;"
2,마스크를 써야 하는 현실이니 바르고  마스크를 쓰면 마스크 표면에 많이 묻어요.☆썬크림인지 미백인지 개념을 확실히 정리 한뒤에 상품선택해야 할듯
2,와이쳐츠에 묻어나지 않는다고 해서 샀는데 흰색 마스크에는 묻어나네?뭐죠?...반품 귀찮아서 쓸건데 믿음는 안가네요
2,전에 쓰던 타사 비비에 비해 너무 쉽게 묻어납니다.예전 비비도 어느정도 묻어나기는 했는데 처음 마스크벗고 보고 비비 투성이라 놀랬습니다..
2,마스크에 옷에 묻지않는다했는데 완전 마스크에 비비 엄청잘묻고제대로 꼼꼼히안바르면  번진곳도있어서 불편해요  참고하세요
2,"리뷰에 마스크 묻음이 별로 없다해서 구매했는데,막상 사용해보니 마스크에 많이 묻어나네요 ㅜㅜ"
2,제품 바른 후 마스크 착용 불가능 할 정도로 제품이 많이 묻어 나옵니다
2,너무묻어나요
2,개발이 해야할듯ㅡㅡ마스크에 다닦임니다 비추
1,패키지 잘못됫나보네요?은색 테이프 뜯자 마자 당황햇네요용기 구멍이 안나잇습니다.향기고 색이고 아무것도 확인 못햇음
1,묻어나지 않는다고 해서 구매했는데 마스크에 묻어나네요. ㅠㅠ하루 사용했는데 실망감이 드네요~향은 별로 없어서 남자들이 사용하기엔 좋은거 같고피부톤업도 괜찮은거 같은데 자외선차단 효과는 얼마나 있을지는 모르겠네요.
1,잘 묻어나지 않는다고 해서 구매했는데..타제품과 다를거없이 묻어나네요첨부된 사진은 그냥 휴지를 찍었다가 떼었을 때 입니다잘 묻어나지 않는다고 광고해서바르고나서 마스크 착용해도 괜찮을까 해서구매 했는데요 덜 묻어나는거도 아니고 타제품과 다를거 없이 그냥 바로 묻어나네요 과장 된 광고는 안했으면 좋겠어요
1,바르고 마스크쓰고 벗으니 우리회사 화장한 여직원이 마스크 쓴것처럼 크림자국이 겁니진하게 남네요ㅡㅡ그래서 다른 비싼거삿어요ㅡㅡ
1,마스크 안에 완전 주황이됨..리뷰에 마스크에도 잘안묻어난다해서 가성비때문에 구입했는데..세안할때도 너무 안 지워짐..몇번을 해야 갸우..기름끼 많고셔츠 입었다가 묻혀지는 날에는 셔츠 버려야할수도있을꺼같음
1,안묻어 난다면서요쿠팡 후기들 진짜 믿을게 못되네...
1,"마스크, 옷깃등 다 묻어나네요얇게발라도 마찬가지그냥 비비크림입니다"
1,이러면 허위광고입니다.어떻게 바르면 안묻는거지요?
1,마스크가 분홍색이 됨얼굴도 간지러움쓰레기통 행
1,"과장 광고네요...안 묻는다는데..너무 많이 옷, 마스크에 묻어나옵니다."
1,얼굴에 먼가가 닦으면 나와요. 별루
1,옷에 안묻는다고 했는데 묻어요 ㅎ
1,옷에겁나묻네ㅡㅡ
1,그냥 마스크고 셔츠고 엄청뭍음
1,교환 요청했어요
1,많이 번들거려요
1,마스크에 다 묻음 이렇게 많이 묻는제품은 처음임
1,많이 묻어남 끈적끈적하그 유분이 많은듯 묻어나서 조심스럽고 세탁비가 더나올듯
1,옷깃 마스크에 안묻는다더니 묻어나고 난리네요.안묻어나는 비비가 어딨지하고설명보고 샀는데 사기당한 기분
1,광고에 빠른 흡수로 카라에 안묻는다고 하더니.....사용하고 마스크 쓰니 접촉부분은 다 크림으로 범벅이네요....사용한거라 바품이 되면 반품하고싶네요
1,상품의 리뷰를 보구 현장에서 일하구 해서 톤업두 되구 선크림두 된다구해서 장작2주를 기다려서 받았습니다두둥~~ 아침출근길에 스킨을 바르고 본제품을 바르려구 손등에 제품을 쭉 짜는순간 한번기겁 완전 물같이 나오더라구요  ㅡㅡ일단여기서 한번실망 그리구 쿠션을 이용해서 얼굴에 펴다르기 시작했는데 바를때는 그런데루 했는데 바르고나서 마스크를 착용하구 출근하려구 하는순간 마스크에 범벅이 되어있더라구요이건 어느정도 묻어나는 수준이 아닌 그냥 제품이 통체로 묻어나요절대절대 사지마셔요판매자님 한번 썼는데 교환 아니 반품 받아주셔요라구 하구싶네요 진심 반품받아주면 바로 반품 처리합니다돈이 아깝습니다두번다시는 안살겁니다절대절대 비추천입니다