,comment,sentiment,positive,negative
0,구구절절 옳은 말이네요 남자다움 여자다움을 규정짓는 거 자체가 우스운 일인거같아요 당당하게 자신을 꾸미는 모습이 진짜 멋있습니다 ,Positive,0.9982568621635437,0.0017431670567020774
1,진짜 남자뷰티 유튜버들 보면 너무 멋있는데 사회 신경 않쓰면서 자기자신을 꾸미는데 노력하는 모습이 너무 멋지고 보기좋은데......몇몇 꽉막힌 사람들이 문제......,Positive,0.9981237053871155,0.0018763361731544137
4,저도 학습된 남성성 여성성에 대해 많은 고민과 생각 중인데 영상이 도움이 된 것 같아요. 감사해요!,Positive,0.9983461499214172,0.0016538372728973627
5,"여자는 화장 안하면 왜 안하냐는 소리 직, 간접적으로 꽤 듣습니다... 대학 강의 시간에 수업과 무관한 화장을 가져다가 '이러이러한 것은 여자가 화장 안하고 밖에 나가는 것과 같다.'라느니 빻은 비유를 하고요 ㅋㅋ여자는 화장이 필수라느니, 남자는 화장하면 게이같다느니 품평하는 놈들 보면 죄다 제대로 씻지도 않은거 같던데... 남 품평할 시간 있으면 이 남자분들처럼 스스로를 가꿨으면 좋겠네요 ^^",Positive,0.9857640266418457,0.014235968701541424
7,"구구절절 다 맞는 말인 것 같아요. :) 남자든 여자든 화장은 자기만족을 위해 하는 거고, 누구도 그들에게 꾸며라, 꾸미지 마라, 강요할 수 없죠. 당당한 모습을 보니 용기가 나네요 응원합니다!",Positive,0.9957936406135559,0.00420635798946023
8,화장을 하든 안하든 존중하고 인정해주는게 맞는거같아요,Positive,0.9823988676071167,0.017601123079657555
10,영상 나오신 분들 눈썹 너무 잘 그리셨음... 다시 한 번 채널 정독하러 가야 겠다! 길 가다가 화장을 풀메든 아니든 하신 남자분들 보면 괜히 반가움ㅋㅋㅋㅋㅋ 파데 뭐 쓰는지 물어보고 싶고,Positive,0.9837741851806641,0.01622580550611019
12,남자분들도 피부관리 할 수도 있죠 남녀차별하는 사람들 너무 못된것 같네요,Positive,0.9886053204536438,0.011394660919904709
13,속상해하지마세요 너무 응원합니다 !!!!!,Positive,0.9981189966201782,0.001881006988696754
14,진짜 남자 연예인들도 다 화장하고 그러는데 일반인들이라고 못 할 게 뭐야 ㅠㅠ 남자든 여자든 누구나 꾸미는 거에 제한은 없다고 생각해요 오히려 자신을 잘 가꾸는 모습이 존경스러운 걸요!,Positive,0.9939941167831421,0.006005826406180859
16,"옳은 말 대잔치 너무 좋아요,,",Positive,0.985155463218689,0.014844490215182304
17,다 좋은데 중간에 화장안하는 여자한테 왜 화장 안하고 다니냐고 말하는 사람이 없다는데 있어요.. 화장이 예의하라고 말하는 사람이 일부 있습니다,Positive,0.9616919755935669,0.038308076560497284
18,당당하고 멋지네요! 하지만 놀랍게도 여자들은 화장안하면 정말로 많은 지적을 듣는답니다ㅎㅎ... 화장이 예의라고들 하거든요. 정말 그깟 화장이 뭔데 남성성 여성성을 나누는건지!,Positive,0.9931123852729797,0.006887645926326513
19,남자든 여자든 자기관리 잘하는 사람은 진짜 멋있는사람 ... 화장 뿐만 아니라 자기 자신만의 재능 키워나가거나 운동을 열심히 한다거나 이런게 다 진ㅁ자 멋있는건데 ㅠㅠㅠㅜ,Positive,0.8831931948661804,0.11680685728788376
20,"남녀 평등의 첫 출발점은....여자가 하는 것, 남자가가 하는 것을 나누지 말기....""내가 하는게 남자다운 거 아닌가?""이게 제일 마음에 와닿았음. 남자인 내가 하니까 남자다운거고, 여자인 내가 하니까 여자다운거...그리고 ""내""가 하니까 ""나""다운거..라고 생각해요.",Positive,0.9927335977554321,0.007266376167535782
22,진짜 멋져요 아니 진짜 진짜 멋지고 안꾸미고 그러고 다니는 사람들이 오히려 자기관리 안해보여요 멋져요진짜 ㅠㅠㅠㅠㅠㅠㅠ 전혀 기죽지 말아주세요!!!,Positive,0.9983271360397339,0.0016729064518585801
23,"영상 자체는 좋은데 47초 부분의 발언은 잘못 알고 계신 거예요. 여자들도 화장을 하지 않거나 꾸미지 않으면 ""왜 화장 안 하냐"" ""남자같이 하고 다닌다""는 말 정말정말저어어엉말 많이 듣고 삽니다. 외모를 가꾸고 화장을 하는 것 자체를 여성만의 속성으로 보니까 여자가 안 꾸며? 여자 맞아? 남자야? 또는 반대로 남자가 화장을? 여자야? 게이야? 이딴 말들이 나오는 건데... 뭐 남성 분이시니까 여자들이 듣고 사는 말에 대해 모를 수는 있겠네요. 아무튼 남성성 여성성 구분짓는 구시대적 사고방식은 좀 없어졌으면 좋겠어요.",Positive,0.9740217328071594,0.025978295132517815
24,"잘보이려고, 자신이 만족하려고 하는 화장을 왜 남자는 못하게 하려는건지 마치 게임계랑 같네요 여자가왜하냐.. 이런편견같은거 없었으면 좋겠어요ㅠ",Positive,0.9050652384757996,0.09493482112884521
25,와 진짜 생각 하시는거 편협 하지 않고 존나 멋있다 응원합니다,Positive,0.9982525110244751,0.0017474819906055927
26,"자신이 예쁘거나 멋지기 위해 화장하고, 누군가는 그게 불편해서 안하는건 그 사람의 선택이니까 선택이 강요되는 분위기가 없는 사회가 오길 바라요!",Positive,0.9947956800460815,0.005204339046031237
27,꼬질꼬질해서 악플다는놈들 보다 꾸미고다니는 남자들이 훨 나음,Positive,0.9795113801956177,0.020488660782575607
28,여성이든 남성이든 둘다 차별없는 사회였으면 좋겠다,Positive,0.9981849789619446,0.0018150146352127194
31,고정관념을 깨주는 말씀 너무 멋져요♡,Positive,0.9983052015304565,0.0016947786789387465
32,덕분에 몰랐던 뷰티유튜버분들 알고가요 다들 메이크업 너무 잘하시는듯️,Positive,0.9581876397132874,0.041812337934970856
33,"크 당당하고 어디하나 틀린말 없는 발언, 용기내어 말씀해주셔서 감사합니다 응원합니다!",Positive,0.9982988238334656,0.001701198285445571
34,화장하고 꾸미는 모습 너무 멋져요 응원합니다!,Positive,0.9714300036430359,0.028570029884576797
35,레오제이님ㅠㅠㅠㅠㅠㅠㅠㅠㅠ 진짜 너무너무너무 멋있으시고 여깄는 모든 크리에이터 분들이 말도 잘 하시고 막 화장하셨을 때 얼마나 예쁘실 지 막 상상이 가서 행복하네요ㅠㅠ,Positive,0.9978702664375305,0.0021297635976225138
37,모두 너무 멋있어요 다 맞는 말이네요 화니님이 저렇게 진지하게 말하니까 너무 멋져서 깜짝 놀람ㅋㅋㅋ,Positive,0.9981502890586853,0.0018497274722903967
38,헐 영상에 나온 분들 젠더감수성이 높으신 거 같아요... 스스로를 꾸미고 화장하시는 거 정말 보기 좋습니다ㅎㅎ 멋져요!,Positive,0.9812047481536865,0.018795281648635864
39,진짜 다 맞는말 다들 멋져요!,Positive,0.9964582920074463,0.0035417424514889717
40,진짜 다들 맞는 말...!,Positive,0.883644700050354,0.11635534465312958
41,화장하는 남자들 얼마나 멋있는데........언젠가 편견없이 자신의 개성을 자유롭게 표현하는 세상이 왔으면 좋겠다,Positive,0.9906991124153137,0.009300924837589264
43,후니언님 착하게 말하시는 거 쨩!,Positive,0.9904795289039612,0.009520473890006542
44,진짜 다 맞는말이라 댓글로 뭐라 할 말도 없음 ㅜㅜ 진짜 하고싶던 말 다 해주시네,Positive,0.9631611108779907,0.03683893010020256
47,이상한거아닌데 상처받지 않았으면 좋겠다! ️,Positive,0.997177004814148,0.0028230012394487858
49,남자 화장 잘하는 거 너무너무 좋아요!앞으로도 지금 가지싱 생각 쭉 가져주시고 그런생각 가진 사람들이 많아 졌으면 좋겠어요,Positive,0.9982193112373352,0.0017807248514145613
50,정말로 이런 좋은 멘탈을 가지고 계시는 분들이 계셔서 저는 정말로 좋습니다 진짜로 남자다움과 여자다운게 있을까요 @-@.. 존경스럽스ㅂ니당 저는 남자가 화장하는 것이 멋지다고 생각해요 자신을 꾸밀 줄 아는 남자잖아요 ! 좋은 영상 잘 봤습니당,Positive,0.9970592260360718,0.0029407143592834473
51,아 후니언님ㅜㅜㅜㅡㅜ너무좋아ㅜ 아니 뭐 남자분들도 꾸미고싶어서 꾸미시는데 괜히 다른사람들이 더 난리ㅋㅋㅋㅋ남자분들이 화장하시는거 너무 멋지고 좋다고생각하시는데 솔직히 안꾸미는것보다 꾸미는게훨씬좋음ㅋㅋㅋ자기관리 철저한사람처럼보이고 더  잘생겨보임,Positive,0.9937703609466553,0.006229648366570473
52,"자신을 가꾸고 꾸밀줄 아는, 차별 없는 젠더의식을 가지시는 이 분들이 진정 멋지고 아름다운 분들이시네요",Positive,0.9975147843360901,0.0024852228816598654
53,와 진짜 다들 너무 멋지셔요ㅠㅠㅠㅠ,Positive,0.9967092871665955,0.00329072424210608
55,와 진짜 눈썹이 너무 깔끔하고 예뻐서 마음에 평화가 온다ㅠㅜㅜㅜ아 너무좋아,Positive,0.9982616305351257,0.0017384064849466085
56,당당하고 멋있다ㅎㅎ,Positive,0.9973598718643188,0.0026401018258184195
58,모든 분야에 그들만의 소유라는 개념은 없죠. 맨스뷰티크리에이터분들의 용기와 자신감을 응원해요!,Positive,0.997999370098114,0.002000631531700492
59,전 꾸미는 남자들이 너무 멋지다고 생각해요! 남자 뷰티 유튜버가 많이 늘었으면 좋겠어요ㅠㅁㅠ 편견 없는 세상이 언젠가는 오겠죠?,Positive,0.9963132739067078,0.0036866681184619665
62,내가 나다운 게 바로 남자(여자)다운거다 우와 이거 정말 명언. 가슴에 콕 들어와서 박히네요 좋아요.,Positive,0.9983106255531311,0.0016893841093406081
63,피부 드럽다고 관리안한다는 편견도 안가지셨으면 ㅠㅠ 학생이기도하고 여드름 피부에 학생신분이라서 힘든생활인데 여드름 피부등 더러운 분들이 오히려 더 관리를 많이 하는데 안사라지고 다른사람 시선도 신경쓰이니 너무 힘들어요.. 제 친구는 관리도안하고 아무것도 안바르는데 피부트러블이 없는데 말이죠.. 피부 트러블 같은건 관리해도 안사라지는 경우가 많으니 그런 편견은 안가지셨으면좋겠어요 다른분들.피부관리 진짜 힘들어요 여드름있다고 관리안하는 사람으로 생각할까 무섭네요 늘 신경쓰이고 힘들게사는데,Positive,0.9944955706596375,0.005504413042217493
64,아 진짜 너무 보기 좋다 남자다움 여자다움이 어디있어 자기가 꾸미고 싶으면 꾸미는 거지,Positive,0.9922709465026855,0.0077290660701692104
65,다들 부담스럽지 않게 깔끔하게 잘하신듯...(개인적으로 진한 화장이 취향이 아님) 어 근데 사실 저기서 더 진하게 한다 해도 누구도 뭐라할 권리는 없지 자기 하고싶은대로 하고 사는거니까ㅋㅋㅋ 암튼 영상에 나온분들 전부 멋져오,Positive,0.997269868850708,0.002730154898017645
67,남성스러움 여성스러움이라는 말부터가 참 아이러니하지만... ㅋㅋ 내가 남성이거나 여성인 이상 그 자체로 남성스럽고 여성스러운 거라고 생각해요 너무 멋지신 분들... ㅠㅠ,Positive,0.9983085989952087,0.001691398210823536
68,크 레오제이님 우연히 유툽 발견하고 완전 팬 됐는데 말씀도 너무 예쁘게 하심 ㅠㅠㅠㅠㅠㅠㅠㅠㅠㅠㅠ 대존잘 ㅠㅠㅠㅠㅠ,Positive,0.9982327818870544,0.0017671636305749416
69,이런 차별 진짜 없어졌음 좋겠다,Positive,0.9942741990089417,0.005725788418203592
70,화장하는남자 개성있고 여자의마음도 잘알아주고 더 남자화장하시는분께 더배우고 왜?욕을하지 너무 좋으신 분들인데 항상 응원할께요 !더많은 영상올려주세요!더많은 남자화장하시는분들이 늘어났으면 좋겠어요,Positive,0.9973382949829102,0.0026616635732352734
71,꾸미기 싫으면 꾸미지 않을 권리도 존중 받을 수 있으면 좋을 것 같아요!이제 여자는 꽃이 아니라 일도 하는 같은 동료인걸요,Positive,0.9874909520149231,0.012509034015238285
72,우리나라 사람들 오지랖진짜넓죠,Positive,0.9921883940696716,0.007811617571860552
73,와 다들 피부 깨끗해보이고 자기관리 잘해보이고 오히려 더 좋은걸요,Positive,0.9954058527946472,0.0045941672287881374
76,레오제이님 생각하시는게 너무 멋지시다,Positive,0.9167546033859253,0.08324544131755829
78,다른분들도 이렇게 생각좀 바꾸셨으면 좋겠다 와,Positive,0.9956945180892944,0.0043054744601249695
79,"예전에 후니언님 영상이 너무 재미있어서 친구들에게 링크를 보냈더니 친구들이 후니언님 게이아니냐구 물었던게 생각나네요.왜냐고 물으니까 너무 여성스럽게 말해서 그렇게 생각했데요.성격을 남성스럽다, 여성스럽다고 정의하는 자체가 성고정관념아닐까 싶어요. 후니언님은 그냥 후니언님 성격일 뿐인데요. 있는 성격 그대로, 관심있어하는 분야를 당당히 보여주시는게 유튜브를 보면서 자라나는 아이들에게 정말 좋은 영향력을 끼칠것같아요. 성고정관념도 조금씩 자연스럽게 깨지게 될것같구요. Be yourself! 늘 어려운 처음가는 길을 헤쳐나가면서 당당한 모습에 많은 감동을 받습니다.멋있어요~~",Positive,0.9982119798660278,0.0017880202503874898
80,근데 여기 나오는 남자분달 화장 다 잘하고 다 잘어울령,Positive,0.9974371790885925,0.0025627941358834505
81,세상에 저런남자들만 존재하면 얼마나 좋을까 홌홌 ..,Positive,0.9889588356018066,0.011041136458516121
82,자신을 가꿀 줄 아는 관리하는 남성분들 최고^^7,Positive,0.9977939128875732,0.0022061180789023638
85,자기관리 할줄아는 남자 너무 좋은데,Positive,0.9976303577423096,0.002369638765230775
86,이렇게 깨어있는 생각을 가진 사람들이 부모세대가 되면 지금과 얼마나 다른 세상이 되어있을까 궁금해진다..,Positive,0.9981203675270081,0.0018796237418428063
87,시바 다 잘생기셨어... 레오제이분 잘생기셨어... 다른 분들도 다 잘생기셯ㅅ어... 슈바 사랑해요...ㅜㅜㅜㅜㅜㅜㅜㅡㅠㅜㅜㅜㅜㅜㅜ,Positive,0.998317301273346,0.0016827197978273034
88,남자연예인들도 다 화장하는데 꼭 일반인 남자들이 화장하면 이상하게 생각하더라고요 자신을 가꾸시는 모습 너무 보기 좋습니당,Positive,0.9982870221138,0.0017130011692643166
90,남자가 화장하면 안됀다는 편견은 버려야합니다.,Positive,0.9973753690719604,0.0026246013585478067
91,완전 공감하고 멋지다 아니 그 잘나고 잘생긴 아이돌 배우 다 화장하고 더더 잘생겨보이려고 노력하는데 왜 아니신분들은 노력도 안하면서 노력하는 사람들을 아니꼽게 보는지 이해할수 없다남자가 나다우면 남자다운거라는말이 정말 좋네요 다같이 가꾸면서 나 잘난맛에 삽시다 화이팅,Positive,0.9981299042701721,0.0018700880464166403
92,사란들의 편견을 없에 주는 멋진 영상이네요,Positive,0.9962513446807861,0.0037486949004232883
93,"서양 미남: 근육질 몸, 깔끔한 머리, 남자답게 잘생긴 얼굴한국 미남: 멸치, 무지개색 머리, 화장 떡칠",Positive,0.9764342904090881,0.023565735667943954
94,다들 말도 잘하시고 소신있으시고! 악플에 상처받지 마시고 '나 다운게 나 다운 것' 응원합니다~,Positive,0.9821082949638367,0.0178916547447443
95,진짜 다 옳은 말이다. 제발 화장하는 남자들한테 뭐라하지마 ㅋ 니들이 안꾸미는거야,Positive,0.8941546678543091,0.1058453619480133
96,화니귀엽다..옷도잘입,Positive,0.9979968070983887,0.002003166824579239
97,애초에 여성성 남성성 이런건 다 어디서 부터 오는걸까 누가그걸 마음대로 규정할 수 있는가.라는걸 느꼈어요 잘봤습니다 공감 많이 됬어요~,Positive,0.9982873797416687,0.0017126142047345638
98,레오님보러왔어요. 저런 생각을 가지고 있는분들 귀합니다ㅜㅜ....응원해요,Positive,0.9812601208686829,0.018739867955446243
99,진짜 잘 꾸미고 다녀서 졸라 보기좋음 ㅋㅋㅋㅋ 졸라 호감,Positive,0.9975040555000305,0.0024959882721304893
100,진심 남자분들 눈썹 정리되어있으면 얼마나 상쾌한데.... 게다가 빈 부분 채워넣기까지하면 완전 칭찬해주고싶음,Positive,0.9831162095069885,0.01688380539417267
101,개인적으로 난 남자분들도 화장하고 꾸미고 다니시는거 너무 보기좋음.남자도 여자못지않게 자기자신을 꾸미고 가꾸는게 당연한 세상이 되길,Positive,0.9886336326599121,0.01136639341711998
103,정말 멋져요 공감되고 덕분에 용기가 조금이나마 생기네요 ㅎ,Positive,0.9981539249420166,0.0018460361752659082
104,"예전에는 저도 화장하는 남자에 편견이 있었는데, 지금은 생각이 많이 변했습니다. 차별했던 지난 날을 오히려 반성해요.",Positive,0.9977487325668335,0.0022512369323521852
106,이분들 진짜 멋지다..,Positive,0.9975002408027649,0.002499734051525593
108,나는야 남자뷰티유튜버! 그저 내모습 가꾸는게 좋아서하는건데 왜 그렇게 나쁜 말들을 하시는지 ㅠ,Positive,0.9754828810691833,0.0245171170681715
109,남자도 미(아름다움) 를 추구하고픈 마음이 있을 수 있는거지~요즘 세상이 어떤 세상인데~그까짓 악플  달거나 말거나 그냥 생각없이 흘리는 말에 상처 받을 필요 없어요~  개성이 매력인 세상인데~~모두 화이팅~~~ ,Positive,0.9980483055114746,0.001951704267412424
112,와... 나도 저분들만큼실력이엿으면 좋겟어요 정말멋져요,Positive,0.9941601157188416,0.005839889403432608
113,나도 진짜 화장 잘 안하는데항상 묻는말이 가게갔는데 오늘 놀러나왔는데 안꾸미고 나오신건가요??라고물어보시는 분이 꽤 많다는거...여자는 화장을 해야한다고 생각하는 것도 이상한 생각이고 남자는 화장을 하면 안된다는 생각도 이상하다고 느껴진다 내 자유고 내 행동인데 그걸 다른사람의 시선에 맞춰 바꿀 필요는 없음근데 화장 안한다고 하는 시선에도 넌 왜 안꾸며?라고 물음 받는거에도 힘들다고 느꼈는데  영상에서 보이는 당당하고 자신감있는 모습이 너무 존경스럽고 대단하다고 느껴져요,Positive,0.9953145980834961,0.004685410764068365
115,진짜 너무너무 멋지시다 완전 말도잘하시고 남자가 화장을하든말든 사람들욕하는거 어이없어여,Positive,0.9888094663619995,0.011190547607839108
116,역시.. 준비된 유튜버 항상 응원해요 여러분!,Positive,0.9961419701576233,0.003858037292957306
118,말은 저렇게 웃으면서해도속으로 아직도 속상하실건데그래도 정말 스스로 좌절안하고긍정적인 마인드로 잘 이겨내셔서굿입니다!!,Positive,0.9982979893684387,0.0017019999213516712
122,"화장하는거 너무 예뻐요, 아름답구 ~~ !",Positive,0.9809743165969849,0.019025662913918495
123,"눈썹정리,피부관리 안해서 더럽게다니는것 보단 이게 훨씬 낫지 깔끔해보이고 얼마나 좋아",Positive,0.9982594847679138,0.0017405174439772964
124,이분들 진짜 멋지네요.,Positive,0.9963777661323547,0.0036222294438630342
125,진짜 멋있어요ㅠㅠ 정작 악플다시는 분들은 꾸미지도 않으시면서 악플달시간에 제발 꾸미세여.....,Positive,0.9933035969734192,0.006696376018226147
127,"화장 하고 말고는 자기 마음일 뿐더러 남자 여자 가릴 것 없이 화장하는 이유는 나 자신을 꾸미기 위해서, 관리를 위해 등등 이유는 같을텐데 ㅜㅠㅠㅠㅠ 자기 관리 하는게 얼마나 좋아... 화장에 성별 구분선을 만들어 놓고 생각하는 자체가 잘못됐다고 생각함",Positive,0.9576365947723389,0.04236341267824173
128,남자다움 여자다움 이런 선입견은 없어져야한다고 생각해요. 저는 여자지만 오히려 남자뷰튜버 분들이 화장하면 더 멋있는것같아요. 너무 상처받지마시고 당당하게 예뻐지셨으면해요. 앞으로 더 응원하겠습니다.,Positive,0.997862696647644,0.0021373305935412645
129,화장하는 남자들 졸라 멋있음,Positive,0.9826942086219788,0.017305800691246986
131,"멋있네,, 여자가 안 꾸미면 어떻고 남자가 꾸미면 어때.",Positive,0.8770604133605957,0.1229395866394043
133,너무 멋있는것같아요나다운게 나다운거에요응원하겠습니다,Positive,0.9948857426643372,0.005114291794598103
134,진짜 다 옳은 말씀들인...ㅠㅠ LGBT가 비하적으로 쓰이는것도 싫고.. 화장에대한 편견도 넘나 싫다ㅜㅜ,Positive,0.9726773500442505,0.02732262946665287
135,이런 영상 많이나왔으면!!!!!,Positive,0.9980775713920593,0.00192245130892843
137,말씀하시는거진짜멋있으시다,Positive,0.9621391296386719,0.037860892713069916
138,난 화장하는 남자가 이상형인디 왠지 연애 하면서 화장품도 같이 고르고 상의 하는게 좋고 매력있음 ㅎㅎ♡,Positive,0.9896638989448547,0.010336081497371197
139,자기관리하고 꾸미는게 왜 잘못된 것 ㅜㅜ 당당한 모습이 아름다운 분들.,Positive,0.9827521443367004,0.017247837036848068
140,와...근데 피부들이 너무 좋으시네요ㅠㅠㅠㅋㅋ,Positive,0.9786249995231628,0.021375004202127457
142,우리 임파님ㅜㅜ 넘나사랑스러움,Positive,0.9980952739715576,0.0019047539681196213
143,그래도 요즘 세상이많이변해가는거같아서 제가 괜스레 흐뭇해지네요 ㅎㅂㅎ 옛날에 당연시되었던 폭력과 차별들이 점점 바뀌어가고 바뀐사람들이늘어나고 잘못되지않은게잘못되지않았다는걸알게되고 그게 되게 사회의 멋있는 즐거운변화라고생각해요 물론 그과정에서 갈등도 일어나고 혐오적인것들도 일어나지만 그사람들도 차차 줄어들것이고 올바른가치관이 세상에 퍼지고 사람들이 자신의행동과사고방식에대해 생각해보는사회가오겠죠 전 나중에 만화가가되어서 이런차별과 혐오 소수자 편견등에관한만화를그리고싶어요 (일단 고삼이니 대학부터가야할텐ㄷ..ㅠ,Positive,0.9982491731643677,0.0017508392920717597
146,후니언님 짱 귀여우세요ㅠㅜㅠ,Positive,0.9975730776786804,0.0024269751738756895
148,레오제이님 말씀 잘 하신다... 굿굿 요즘은 개성시대고 남자도 화장하는 시대! 악플다는 놈들에겐 넌 좀 (화장)해야겠다 라고 하세요! 해도 별 다를 건 없는 낯짝의 악플러들이겠지만,Positive,0.9982978105545044,0.0017021760577335954
149,멋있으시다ㅠㅠㅠㅠㅠ,Positive,0.9922389388084412,0.007761022076010704
150,역시 ㅎㅎㅎㅎ후니언님은사랑입니다남자가화장하는건죄가아닙니다그냥꾸미는게취미일뿐 ㅎ,Positive,0.9788424372673035,0.02115756832063198
151,ㄹㅇ 자기 모습 관리 하는 남자들 호감이고... 멋져보여요 홧팅,Positive,0.9975976943969727,0.0024023549631237984
152,와 근데 레오제이님 말 진짜 잘한다...,Positive,0.9908817410469055,0.00911820586770773
153,응원합니다!!!,Positive,0.9959704875946045,0.004029488191008568
156,솔직히 안하는 남자보다 100배 좋음ㅎㅎ,Positive,0.9983312487602234,0.0016687271418049932
157,잘생겼다고 자기관리 안하는사람보다 못생겨도 자기관리잘하면 더멋있숨..,Positive,0.9916565418243408,0.008343495428562164
158,16살때 누나가화장해준다해서시작한게벌써12년ㅋㅋㅋㅋ처음에화장한내모습보고내가뻑이가그때부터시작 근데..진짜여자나남자나화장하면확실히얼굴이달라짐..내가많은남자들을화장에세계로전도했지ㅎㅎ 자기을가꾸는거좋은거예요ㅎㅎ,Positive,0.9898601174354553,0.010139876045286655
159,제발 남자가 화장한다고 욕 할 생각과 시간이있으면 거울보고 자신부터 챙겨서 우리의 눈을 지켜줬으면,Positive,0.878657341003418,0.12134263664484024
161,남자도 꾸며라 뭐라 하시는분들 그것도 문제라고 생각하는데.. 본인이 꾸미든 말든 그냥 자기 선택인건데 꾸미든 안꾸미든 타인이 왈가왈부 할 이유가 없음,Positive,0.9816880822181702,0.01831192895770073
164,진짜너무멋져요 ㅠ-ㅠ 옳은말뿐이네요,Positive,0.995747983455658,0.0042520249262452126
165,"진짜 구구절절 옳은말만하심... 사실저도 학습된 남성성, 여성성이라는게 존재하는지라 남자분들 화장하는거보면 약간 불편하고 그런데 반성하고 고쳐나가야겠어요ㅎㅎ.. 힘내시길바랍니다",Positive,0.9829880595207214,0.017011918127536774
166,남자는 꾸미면 안되고여자는 꾸며야 정상인가?남자뷰티유튜버들은다 개성있으신거 같아욤잘생겼어욤~♡,Positive,0.9954806566238403,0.004519360139966011
167,응원합니다!,Positive,0.995698094367981,0.004301926586776972
170,후니언님이 얼마나 좋으신분인데! 내가 제일 좋아하는 뷰티 크레이터인데ㅠㅠ,Positive,0.9981784820556641,0.0018214710289612412
172,화장한다는건 자기관리를 철저히 한다는 거죠 근데 그거에 대한 인식이 부정적이다는게 슬프네요 ㅠㅠ현실..,Positive,0.8905072808265686,0.10949274897575378
174,레오제이 사랑훼!!!!!!!!!!!!!!!!할아버지되서도 노인정가는 메이크업 올려줘여!!!!!!!!!!!!!!!,Positive,0.9977136254310608,0.002286380622535944
175,ㅋㅋㅋㅋ후니언님 웃음소리 넘나조흥것ㅋㅋㅋㅋㅋㅋ,Positive,0.9946023225784302,0.005397672764956951
176,"전 화장하는 사람은 남자던 여자던 정말 멋있고, 아름답다고 생각해요!",Positive,0.9530156254768372,0.04698435962200165
177,난 화장잘하고 자기관리 잘하는 남자도 엄청 멋있어보이지만 화장품이 뭔지도 모르는 남자가 너무귀여움진짜ㅜㅜㅜㅋㅋㅋㅋㅋㅋㅋㅋ 남친이 틴트만지면서 이거 입술에바르는거..... 이거는 그 아이섀도??... 이러면서 아라 만지작거리는데 깨물어줄뽄 ㅡㅡ,Positive,0.9804494976997375,0.019550517201423645
179,저렇게 자기자신을 가꾸는게 멋있는 거지,Positive,0.9921073913574219,0.00789263378828764
181,화장 잘하는 사람들 넘 좋구...부러워...햝..,Positive,0.9486064910888672,0.05139348655939102
182,편견 없는 세상에서 살고싶다,Positive,0.9974865317344666,0.002513454295694828
183,남자에 대한 편견과 여자에 대한 편견을 깨야 할것같네요~,Positive,0.9972498416900635,0.0027501138392835855
184,화니님!!!!너무 멋있어요~ 저 같은 경우는 진한 화장을 하는 남자를 좋아하진 않아요근데 진한 화장을 한 여자도 좋아하진 않거든요 그거처럼 남자도 여자도 적당히 보기 좋게 가꾸는게 가장 이상적인것 같아요^^,Positive,0.9920896291732788,0.007910371758043766
185,여자남자 성별을 떠나서 나 자신을 꾸밀줄알고 관리하는건데 꼭 하지도않는사람들이 일침을 날리고 욕하더라고요ㅋㅋㅋㄱㅋ 지들앞가림이나 잘하지는;;,Positive,0.9058879017829895,0.09411212801933289
188,옳은말 대잔치☆,Positive,0.957736611366272,0.04226337745785713
190,이영상보면서 좋아요누르고 진짜 나도 하고싶은말 : 남자의 아름다움도 여자의 아름다움에 비교할 수 없는 아름다움이다.  그리고 그 아름다운 기준은  절대다수가 공식이나 채점처럼 판단하고 결정하는 게 아니라 개인의 개성에 따라 달리 표현되고 결정나는 문제.나는 여자로서 남자의 아름다움에 가치를 느낀다.,Positive,0.997646689414978,0.002353327115997672
192,진짜 멋지다,Positive,0.993698239326477,0.006301785819232464
198,꾸미는 남자 멋지다 !!!!,Positive,0.9871458411216736,0.012854183092713356
200,전 남자뷰티크리에이터들이 더 생겼으면 좋겠어요ㅜㅜ 다들 제가 구독하는분들인데 힘내세요,Positive,0.9944833517074585,0.005516689270734787
202,자기자신 가꾸는 모습 멋있어요. 그게 화장이든 운동이든. 누군가의 겉모습을 지적질하는것 예의에 어긋난다고 생각해요. 남이 화장을 떡칠을하든 성형을 해사 갈아엎든 그건 당사자 마음이고 거기에 지적질할 권리는 없다고 생각하니다. 많은 남성분들 여성분든 남의 시선 신경쓰지말고 자기를 가꾸고 관리하셨으면 좋겠어요. 또 그걸 터치하지않는 사회가 되었으면 하네요,Positive,0.9967342615127563,0.003265721257776022
203,와 진짜 멋있다,Positive,0.9902731776237488,0.009726837277412415
205,아 말하는거 개멋지다ㅠㅠㅠㅠ,Positive,0.9980599284172058,0.0019400594756007195
206,멋있습니다! 정말 멋져요!,Positive,0.9929255843162537,0.007074442226439714
208,다구독하고있는분들이고얻는정보도엄청어마어마한데너무힘들어하시지않으면좋겠슴당!♡,Positive,0.9973050355911255,0.0026949576567858458
213,요새는 시대가 많이 변해서 관리하는 남자들이 더 인기많음옄ㅋㅋㅋ 관리하는 남자 애들보면 피부도 좋고 잘 꾸미고 인기 많더라고욬ㅋㅋ 눈썹 정리도 좀 하고 ! 비비도 좀 바르고 다니고! 스킨 케어에 좀 신경좀 써주셨으면 ㅋㅋ화장하고 기초케어 관리하는분들 되게 깔끔해 보이고 좋던데..,Positive,0.9962329268455505,0.0037670740857720375
215,화장하는 남자 멋있던데..자기관리 하는 거 같아서 멋있던데..왜 사람들은 자기가 정해놓은 틀 안에 맞지 않으면 인격체로도 대우해주지 않을까 어차피 자기도 자기가 만든 그 틀에 완벽히 맞는 것도 아니면서..,Positive,0.9971359372138977,0.0028640711680054665
217,레오제이님존멋ㄹㅇ..♡,Positive,0.997811496257782,0.0021885002497583628
219,"근데 ,,여자가 화장안하고 다니면 ""너 왜 화장안해?남자도 아니잖아""이런 말 많이 들음... 우리 사회 진짜 개 꼬였음",Positive,0.8843246698379517,0.11567530035972595
220,화장하는 남자분이랑 사귀면 같이 화장품사러가고 메이크업도 해주고 진짜 좋을듯......ㅠㅠㅠ,Positive,0.9170352220535278,0.08296477794647217
221,남자가 화장하는게 게이라니ㅋㅋㄱ상식수준 클라스오져ㅋㄲㅋㄱㅋㄱ화장은 모두의 것입니다.하고 안하고는 자유이며 여자에게 화장을 강요하거나 남자에게 화장을 하면 안된다고 하는 인식 자체가 병신같은 것 입니다.오히려 저분들처럼 자신감있게 꾸미시는게 자기자신을 사랑하는거 같아 보기 좋네용,Positive,0.9745073914527893,0.025492576882243156
223,"나의 이상형- 츤데레, 화장한 남자, 문신한 남자, 패션에 관심 있거나 옷 잘입는 남자(패션테러리스트ㄴㄴ해) , 머리 염색한남자(노랑이) , 키보통인남자, 꿈을 위해 달려가는 남자, 편견을 깨버리는 남자, 욕하는 남자, 사투리 쓰는 남자☞[한마디로- 깡패]ㅋㅋㅋㅋㅋㅋㅋ",Positive,0.968649685382843,0.031350310891866684
224,언젠간 남자여자 구분나누는게아닌 나자신으로 봐주는날이 왓으면 좋겟네요,Positive,0.9865925908088684,0.013407409191131592
225,화장하든 말든 그건 개인의 자유 화장한다고 뭐라 할 필요없고안한다고 뭐라 할 필요없음,Positive,0.9501823782920837,0.04981760308146477
226,화장하는 남자가 진정한 남자다. 자신을 가꿀 줄 아는 된 사람이다.,Positive,0.8585399985313416,0.14146003127098083
228,남 인생 평가하는 사람치고 자기 인생 똑바로 사는 사람 못 봤다,Positive,0.9970577955245972,0.0029422256629914045
229,멋있으시다..,Positive,0.9678715467453003,0.03212848678231239
232,멋지다ㅠㅠㅠ,Positive,0.9977283477783203,0.0022716415114700794
237,남자들 화장하는거 진짜 좋아보이는데ㅜㅅㅜ 제 남동생한테도 화장한번 해주고 하는법 알려줬더니 곧잘 하고 댕겨요. 요즘같은 시대에 남자가 화장하면 안 된다느니 이상하다느니 무슨 구시대적인 발언입니까!!,Positive,0.9692264199256897,0.030773570761084557
238,"와,, 넘 멋져버려!",Positive,0.9967612028121948,0.003238784382119775
241,난 꾸미는 남자 존좋... 자기관리 철저한 사람인거 같고 좋음,Positive,0.9974753260612488,0.0025246706791222095
242,너어어무 좋은 내용임다! 잘보고 가요,Positive,0.9874119162559509,0.01258810143917799
245,레오제이 왜 이렇게 잘생긴고양,Positive,0.9983187913894653,0.0016812640242278576
248,꾸미는 남자 너무 좋음 관리 한다는 증거니깐 ㅠㅜㅠ 눈썹도 안미는 애들보단 낫다 ...,Positive,0.9972985982894897,0.002701430581510067
249,"남자가 나 다우면 남자다운거 아닌가? 와.....레알 맞는말 맞다, 나 다우면 되는거지 뭘 더바래",Positive,0.9307630658149719,0.06923696398735046
250,저렇게 관리 잘하시고 과하지 않고 자연스러운 화장을 하시는 남성 분들이 더 멋있습니다 자신들은 관리 안 하시면서 그런 악플들을 쓰시는 분들은 다시 한 번 생각해 봤으면 함...,Positive,0.997527003288269,0.002473010215908289
251,솔직히 악플러들은 지들 부모님 앞에서 할수 있는 말만 썼으면 좋겠다ㅋ,Positive,0.9934310913085938,0.006568926386535168
255,응원합니다 ^^,Positive,0.9952138066291809,0.004786236211657524
256,후니언님 넘 기여워용,Positive,0.9981041550636292,0.0018958909204229712
258,요즘 같은 시대에  맞죠?   얼마나 부지런 해요.자신을 꾸미고 아름 답게 만드는것! 완젼 멋져요.남자다움에 화장은 기본으로 하시죠.~~^^이제는 달라져야 합니다.,Positive,0.9927445650100708,0.007255448494106531
262,난 남자애들이 화장하면 오히려 배울 수 있는게 많아서 좋은데...,Positive,0.9949706792831421,0.005029288586229086
263,"잘 보이고 싶은 이유도 있지만 자기 만족, 자신감을 위해서 화장을 하는 사람도 있답니다. 종종 여자끼리 있을 때 화장을 하면 여자끼리 있는데 화장은 왜 하냐 물어보시는 분들이 계신데 그 눈꼬리 하나랑 눈썹 하나하나가 자신감이 될 수 있다는 것도 알고 계셨으면 좋겠네요.",Positive,0.932813823223114,0.06718617677688599
265,여기서 후니언 만났는데 너무 재미있닼ㅋㅋㅋ,Positive,0.9974798560142517,0.0025201195385307074
266,전 관리 안하는 남자보다 오히려 자기관리하는 남자분들이 좋더라구요...ㅎㅎ,Positive,0.9900668263435364,0.009933228604495525
267,남자다움 여자다움을 가리는 거 정말 싫다ㅠㅠ 자기 모습을 가꾸는 게 얼마나 멋진데...,Positive,0.9751786589622498,0.024821361526846886
272,멋져요,Positive,0.9930052161216736,0.006994728464633226
274,내남친이 화장 잘해서 가끔 내화장도 해주고 좋은 뷰티탬 공유하면서 얘기할수있으며 꿀잼있듯ㅋㅋ,Positive,0.9980464577674866,0.001953534781932831
276,임파 귀여움,Positive,0.995032787322998,0.004967262502759695
278,완전 제 로망이예욤 남자친구랑 같이 화장품테스트하고 공유하는거ㅠㅠㅠ,Positive,0.9978933334350586,0.002106668893247843
279,멋있어요 전 정말 좋아하고 응원해요,Positive,0.9981532096862793,0.001846788334660232
280,얼마나 힘들었을까 그냥 내가 하고 싶은 것일 뿐인데...,Positive,0.945769727230072,0.05423024669289589
282,화장하는 남자들보고 게이같다는사람들은 남자 연예인들 볼때도 게이같겠네? 아이고야 정작 만나면 꺅!! 오빠!!!!! 오빠 넘 잘생겼어요!! 싸인해주세요!! 이러고 만나고나면 친구들한테 ○○○잘생겼다 이제부터 내꺼임 내남자다 이럴것들이ㅋㅋㅋㅋㅋㅋ 개웃겨ㅋㅋㅋㅋㅋ,Positive,0.9974770545959473,0.002522972645238042
283,난 남자분들이 화장하시는하면 관리하는남자같아서 좋습니다~,Positive,0.9950307011604309,0.004969281610101461
284,멋져요 이뻐요,Positive,0.9970918297767639,0.002908199792727828
285,레오제이님 너무 잘생겻넹..,Positive,0.9974129796028137,0.0025870592799037695
289,난 솔직히 남자가 화장해도 됀다고 생각하는데.. 솔직히 자기 콤플렉스는 가리고 싶다고 생각합니다...자신을 가꾸는게 멋있는거죠!,Positive,0.8794952034950256,0.12050479650497437
290,후니언 오빠 ㅠㅠㅠㅠㅠㅠ,Positive,0.9920493960380554,0.00795061606913805
293,완전 공감ㅠ,Positive,0.9982872009277344,0.0017127840546891093
295,"진짜 맞는 이야기만하시네요 이런 편견은 없어져야합니다.다만, 여자가 화장안하면 욕하시는 분들.. 진짜..많으십니다",Positive,0.93642657995224,0.0635734498500824
296,전 남자도화장해도 좋습니다남자애들이 화장하는거 극혐이라고하는데 화장품사는거랑 화장하는거즐겁기때문에 하는건데 남자들도하는사람들도있으면 통하는게있어서 좋을듯,Positive,0.8955369591712952,0.10446305572986603
298,멋있는데 ㅠㅠㅠㅠㅠㅠㅠㅜㅠㅠㅠㅠㅠ,Positive,0.9978870749473572,0.002112948801368475
303,맞아요 꾸미니까 훨예쁘고 단정하구ㅠ 그런거 연연하지 마세요 그런걸로 욕하는롬들이 젤 못생겻을거임 ㅋ,Positive,0.9955465793609619,0.004453420173376799
304,오오 다 존잘,Positive,0.9484858512878418,0.051514171063899994
310,뭐야 다 잘생겼어..,Positive,0.9962548613548279,0.003745148191228509
311,전 홍조때문에 비비만 바르고 다니는데 제발 남자가 화장한다고 이상하다는 편견만 없어지면 좋겠어요... 자기 컴플렉스 가린다고 잘보일려고 화장하는건데... 그게 뭐 어떻다고..,Positive,0.9313526749610901,0.06864729523658752
314,관리안하는 남자들보다 훨씬 깔끔하고 멋있어요~ 저보다 화장 잘하시는듯!ㅠㅠ 손고자..,Positive,0.998275101184845,0.0017249094089493155
315,이영상에 나오는말모두 맞는말..,Positive,0.9950867891311646,0.0049132383428514
316,남자도 화장 할수있는데..  전 남자 뷰티크리에이터도 좋아요!!,Positive,0.9852674603462219,0.014732547104358673
319,남녀가 해야하는 일이 정해지지 않는게 완벽한 성평등이라고 생각합니다.,Positive,0.9965906739234924,0.0034092948772013187
320,화장안해도 이쁜데.. 젊음이..,Positive,0.9878182411193848,0.012181755155324936
321,레오제이?님말씀하시는게 생각이 깊은게 느껴짐,Positive,0.9968710541725159,0.003128997515887022
327,힘내세염!응원합니당,Positive,0.9822297096252441,0.017770325765013695
331,이얏!!!!멋져용!!!,Positive,0.9946324229240417,0.005367609206587076
332,노력하시는 모습이 아름답네요~노력하는 남자가 아름답습니다ㅎㅎ,Positive,0.9970447421073914,0.0029552315827459097
333,게이라고 트젠이라고 하는 분들은 자기들은 얼마나 잘생기고 깔끔 하길래 자기를 가꿀줄 아는 사람들한테 뭐라 해?,Positive,0.9204437732696533,0.07955624908208847
335,저도 편견이 하루 빨리 깨졌으면 좋겠어요ㅡㅜ(쥬륵),Positive,0.9873863458633423,0.012613661587238312
336,남자가 화장을해서 이상하다 뭐 여자같다 게이같다라고 하는건다 양성평등에 문제가 있는거지 요즘시대가 어떤데 남자화장하는거가지고 악플다는지 막 화장하고 단니는게 부러워서 악플다는거여?ㅋㅋ,Positive,0.9179888963699341,0.08201108872890472
338,예에 멋있다!!!!!! 말 ㄹㅇ 잘함,Positive,0.9954214692115784,0.004578564781695604
339,성별 나눔 따위  나다운게 명답,Positive,0.9846106171607971,0.015389367006719112
344,크...나다운게 나다운거다 멋지네요!,Positive,0.9967340230941772,0.003265947103500366
345,남자던 여자던 화장하는건 자신을 더 돋보이게하고 단점을 커버하고 장점을 더 드러내려하는건데 성별이 무슨상관,Positive,0.9949442148208618,0.0050557623617351055
349,멋져용,Positive,0.9952367544174194,0.004763258621096611
352,그냥 나다운게 진정한 나인거지 굳이 남자다움 여자다움을 갈라야 해?,Positive,0.9963050484657288,0.0036949857603758574
353,화장하시는 남자분들 너무 좋은데요?,Positive,0.9080073237419128,0.09199266135692596
355,헣 후니언님 ️,Positive,0.993517279624939,0.006482694298028946
358,그립습니다...막심센세,Positive,0.9971500635147095,0.002849911106750369
359,옛날에는 화장하는 남자가별로였는데 요즘에는 자기자신을꾸밀줄 아는 사람이 더 좋더라,Positive,0.8694988489151001,0.1305011659860611
361,후니언님 갸좋아....,Positive,0.997281014919281,0.0027190102264285088
362,남자랑 여자를 차별짓는 자체가 문제인거같은데...남자가 화장하면 이상하게 보거나 여자가 숏컷하고 다니면 남자처럼 하고 다니냐는 말부터가..남자처럼 하고 다니는게 뭐고 여자는 여자처럼 하고 다녀야 한다는것 자체가 ;; 자신의 매력 개성에 맞춰 사는거지 남자는 이렇고 여자는 이렇다 라고 생각 한다는 그 마인드부터 고쳤으면 ㅜ 여자가 꼭 여자야다워야되고 남자가 꼭 남자다워야 한다는건 말이안돼고..나는 그냥 그자체의 나인데 현대사회인들의 고정관념에 박힌 생각으로 내자신을 숨기면서 까지 맞춰가야할 필요도 없으니깐 제발 편견을 가지고 쳐다보지 않았으면 좋겠다 ㅜ,Positive,0.9973417520523071,0.0026582451537251472
363,꾸미는 남자 멋짐 호감감,Positive,0.9960963129997253,0.0039036462549120188
368,맨처음 메이크업을 만든게 여자만 쓰라고 만든게 아니고 저도 화장을 하지만 솔직히 남자분들이 더 잘하셔요 자기 콤플렉스를 가려서 더 좋게 만들고 개성을 뿜쁨하게만드는게 메이크업인데 왜 남자가하면 안될까요 공공장소에서 좀 진한화장을 하는분들은 주위분들에게 안좋은 인식이잇지만 자기가 이뻐질수있는데만큼 꾸미고 다닌다는건 전혀 문제될게 없는것같애요 ㅎㅎ 악플다시는분들보면 저분들보다 화장도 못하시고 자기앞가림도 못하실것같네용 호호호홓ㅎ,Positive,0.9740161895751953,0.025983821600675583
370,"남자다움과 여자다움에 기준은 도대체 어떤 걸까요? 여자이 화장을 안하면 ""왜 화장 안하냐"" 남자들이 화장하면 ""이상하다"" 이런 것들은 누가 정하는 건가요... 하지만 TV를 보면 많이 나오는 많은 남자 연예인들도 화장을 하는데 그 모습을 보면 뭐 ""잘생겼다"" ""이쁘게 생겼다"" 그렇게 말하는데 게이라고 하는 사람들있나요? 몇 몇 말하는 분들도 계시겠지만 많이 없죠 이런 화장에 대한 편견은 바꿔야 된다고 생각합니다 화장을 하는 것은 자신에 자유이고 남이 ""화장해"" 또는 ""화장 하지마"" 라고 말할 권리는 없습니다",Positive,0.9809013605117798,0.019098587334156036
371,오 여기 나오신 분들 뷰티유튜버 분들이신가 보네... 응원합니다!,Positive,0.9828121662139893,0.01718783751130104
374,처음에는 눈치보면서 화장을 하다가 나중에 불편해서 화장하나도 안하게 된 여자인데 종종 넌 여자애가 화장을 안하냐 소리들었는데 뭔가 감사해요...ㅋㅋㅋ 분명 귀찮은건데도 꼬박꼬박 화장하시는 모든 분들 다 멋져요!!,Positive,0.9981017708778381,0.0018982257461175323
378,다 필요없고 박수 드립니다 짝짝짝,Positive,0.9978874325752258,0.002112588845193386
385,문크예거 지지율 상승 우흥~~,Positive,0.988149106502533,0.011850867420434952
388,게이들이 니네보다 더 잘생김 ㅇㅇ,Positive,0.8613946437835693,0.13860537111759186
394,여자나 남자나 다 잘생기면 되는 거임나오신 남자분들 다들 존나 잘생기심 눈 립 피부 화장들을 심하게 한 것도아니고 다들 잘생기시게 하셨는데 왜편견인지,Positive,0.9951128363609314,0.0048871166072785854
401,예쁜데 머리가 다들 좀 짧으신듯..,Positive,0.998289942741394,0.0017100766999647021
408,"댓글 게이게이 ezr...키버드찐따들 뭐냐...현실은 요즘 남사친들 보면 비비나 톤업 선크림, 색조 섞인 립밤, 눈썹은 기본으로 그리고 다니더라 그리고 다 여친 있고..내가 보기에도 좋아보임",Positive,0.9943776726722717,0.005622302182018757
413,여자한텐 화장 안하냐 뭐라하고 남자보고는 왜 화장하냐고 뭐라하고 ㅌㅋㅋㅋㅋㅋㅋㅋ 어쩌라는거야 이런 것들이 우리 사회에 속속들이 차있으니까 발전이 안되는 거임 내 마음이고 이게 나다운 건데 지들이 뭔데 참견인지 너는 너대로 너다운대로 사시구요 나도 나다운대로 살겠다 이거야 ㅜㅜ,Positive,0.969920814037323,0.030079126358032227
417,오지랖 부리면서 왜 화장하냐고 난리 치는 것들이 정작 본인은 쥐뿔 안 꾸미는데 그런 사람들은 좀 꾸미고 다녔으면...,Positive,0.9529754519462585,0.047024551779031754
426,레오제이ㅠㅠㅠㅠ,Positive,0.9951549768447876,0.004845031537115574
429,캬후니언잘생겼다,Positive,0.9976686239242554,0.002331398893147707
434,0:14 이분 너무 귀여우심 ㅜㅜ,Positive,0.962340772151947,0.03765922039747238
437,그냥 남자가 화장을 하지말라는 편견을 가지고 있는거 자체가 문제,Positive,0.9255303740501404,0.0744696706533432
439,화장하는남자보면 존나 반할것같음지금 내말 착각하지마그냥 내 취향이야,Positive,0.9786449670791626,0.021355072036385536
441,여자들도 남자들 왜 화장해 ? 라는 학습된 남성성 강요하지 않고 남자들도 여자들은 이래야 해 ! 하는 학습된 여성성을 강요하지 않고 !!! 양성평등은 말 그대로 같이 만들어가야 하는 것 같은데 아직 많이 안타깝네요 ..! 그래도 더 성장할 기회와 모습들이 있다는 거에 기대가 됩니다 그런 사회의 뿌리내린 잘못된 불평등을 바로잡을 수 있는 좋은 영향력을 가지신 크리에이터분들인것 같아서 누가 뭐래도 용기 잃지 말고 당당해지길 응원해요 !,Positive,0.998160183429718,0.001839792705141008
444,레오제이님진찌대박멋져요광광,Positive,0.9976003766059875,0.002399635734036565
445,다 잘생겼누,Positive,0.9982293248176575,0.0017706966027617455
446,화니님 말잘하신당,Positive,0.9924814701080322,0.00751855131238699
448,레오제이님 말하시는거 워..... 지린당.....ㅠ,Positive,0.9578462839126587,0.042153701186180115
455,수염 듬성듬성나고 피부트러블 있고 눈썹은정리안해서 지저분한것보다는 훨씬 나을 것 같다.같은 남자고 화장도 하는 사람으로써 화장을 하는게 대체 왜 욕 먹을 짓인가.오히려 자기자신을 꾸미고 가꿀줄 아는데 멋진거 아닌가.항상 남녀평등 이라고만 외치는 우리는 이런 작은것부터 하나하나 고쳐나가야 남녀평등에 가까워질것 같다.,Positive,0.9977399706840515,0.0022600367665290833
456,나는 센스없게 꾸미지도 않는 남자보다는 화장하고 자기관리 하면서 꾸며가는 남자가 더 멋있던디...........  ,Positive,0.8679856657981873,0.13201436400413513
457,썬크림도 안바르고 자기 피부에는 관심 하나도 없는 사람들보다 훨 나음ㅋㅋㅋㅋㅋㅋㅋㅋㅋㅋ여자만 화장하라는법 있나? 자유지,Positive,0.9965363144874573,0.003463706001639366
458,"맞아요 저 분들 좋네요 여자다운거 남자다운거 그런거 이젠 다 남녀차별이고 고정관념. 여자는 꼭 여자다워야하고 남자는 꼭 남자다워야하나 요즘은 남자도 꾸미는 추세인데 아직까지도 화장하는 남자 안좋게 보는 사람 있더라고요 요즘은 다 자기관리정도인데..화장까진 아니더라도 눈썹정리,제모같은거 하는 사람들도 많ㅇㅣ 있고 그래도 요즘은 화장하는 남자 많아져서 전보다는 좀 괜찮아진거같은데 그래도 여성스러운,남성스러운,여자답게,남자답게 이런건 아직까지도 많이 쓰는 말..요즘은 또 꾸미는 남자많고..",Positive,0.9942617416381836,0.005738282110542059
461,아 남자가 화장하는걸 까는 편견에 갇힌 그런 사람들이 있구나(오타있으면 조용히 넘어가주시길☆),Positive,0.88999342918396,0.11000657826662064
463,자기 자꾸는 남자 존멋이다..가끔 화장하는 뷰티 유튜버(여자분)들 댓글보면 화떡이라니 김치라니 그러는데 자기의 단점을 가리고 예뻐보이고 싶어서 화장하는데 그걸 남자들이 하는게 뭐 어때서 욕하는거지...세수도 안하고 욕하는사람들 봤는데 욕하는사람들 다른사람욕하지말고 저분들 처럼 관리하면서 다니던가하세요 ㅋ,Positive,0.8922316431999207,0.10776837915182114
465,안녕하세요 : )영상 구독하고! 너무너무 잘보고 팬이었어요!그러다 시작한 남자 첫 유튜버! (부족하지만)저도 같이 구독! 좋아요! 댓글! 알람! ️해쥬세요 ~ ㅎㅎ항상 좋은 영상 만들어주셔서 감사해요!,Positive,0.9981996417045593,0.0018003672594204545
466,레오님 화니님 다른남자분들 하는말 다 인정 그런새끼들은 걍 노답이에요 관종이고 ㅋㅋㅋ,Positive,0.8717767000198364,0.12822332978248596
478,멋있다,Positive,0.9945720434188843,0.005427974741905928
481,속시원 짱!!,Positive,0.9982622861862183,0.001737684360705316
482,아니  저분들 데일리메이크업이 컷크리즈하고 아이홀잡아서 펄땡이 오지게바르고 아라 하늘까지뺀데?이목구비를 뚜렷히하고 눈썹도 가지런히하고 피부톤도 맞추고 잡티도 가리는 화장을 하는 저런분들보다 뾰루지 각질 피지오지는 관리안하는남자보단 1000000000배 나으니까 제발 남자들아 관리좀하자 ㅎ,Positive,0.9387668371200562,0.06123310700058937
486,악플다는 놈들 자기관리좀 하고 다녀라...화장하는게 파데하고 립스틱같은 색조만 하는게 아니라화장하려면 피부 가꾸는걸 필수로 할 수 밖에 없는데그게 부지런함과 성실함의 증거가 아니면 뭐냐..자기관리 1도 안하는 ㅅㄲ들이 멀쩡히 잘사는 사람 욕하는거 역하다,Positive,0.9972643852233887,0.002735606860369444
487,멋져요,Positive,0.9930052161216736,0.006994728464633226
488,멋져요,Positive,0.9930052161216736,0.006994728464633226
491,그냥 우리나라의 고정관념이 우리나라의 안좋른점 ㅎㅎ,Positive,0.9228969812393188,0.07710304856300354
492,진짜 다 옳은말이다 내 개인적인 생각으로 남자와 여자라는건 그냥 성별을 A와 B로 나눈것이라고 생각하기 때문에 여자는 화장을 해야하고 남자는 화장을 하면 안된다라고 단정짓는건 그냥 그 사람의 인권을 빼앗는거 라고 생각함ㅎ,Positive,0.9851374626159668,0.014862540178000927
495,워후 멋있어,Positive,0.9926450848579407,0.007354901637881994
496,"그래서 남자 아이돌들이 게이같다는 말을 많이 듣죠ㅋㅋㅋㅋ 본인들이 편견이라는 안대를 쓴 장님들인 줄도 모르고. 화장은 자신을 꾸미는 수단 중 하나일 뿐 그걸 남자답다, 여자답다 나누는 것 부터가 잘못 된 것 같네요. 애초에 남자답고 여자다운 것도 임의로 정해놓고 그렇다고 믿고 살아왔을 뿐 그게 답이 아닌데도 말이죠. 이제라도 그런 남자답고 여자답다는 편견을 깨부수고 좀 더 넓은 시야로 세상을 바라보는 사람들이 많아졌으면 좋겠습니다.",Positive,0.9945367574691772,0.005463265348225832
498,"전 개인적인 생각으로 관리 안하는것들이 화장안하면 왜 안하냐 화장하면 화장하는여자 싫다,진하게 하는거 별로다등 이런말 나오는데 차라리 화장하는 남자면 공감할수있고 훨씬 좋다",Positive,0.9981353878974915,0.0018646245589479804
501,후니언 잘생김,Positive,0.9975391030311584,0.002460925141349435
502,저는 화장하는 남자완전 매력있규 넘 좋든데.... 남자는 화장하면 안돼나.....~.~,Positive,0.9980714917182922,0.0019284657901152968
504,아 사이다영상 기분너무좋다,Positive,0.9944919943809509,0.00550801819190383
511,이게 멋있는거지,Positive,0.984144926071167,0.015855075791478157
512,남자가하는게 남자다운거가되는거지 남자다운게뭐따로있는게아님. 반대가되어선안된다,Positive,0.9295839667320251,0.07041605561971664
513,화장하는남자들이 멋잇고 좋돈데..오히려 자기 관리 자기 꾸밀줄 아시는건데여자들한테 여성스러움 추구하면 왜 남여 차별하냐며 뭐라하면서 ..레오제이 진짜 팬인데 ㅠㅠㅠㅠ 악플달지마세요 실력자분인데 얼마나 멋지신데,Positive,0.998256504535675,0.001743476139381528
517,자기가 좋아서 화장하는건데 그렇게 말시는건 저는 아닌것같아요!!,Positive,0.9798232913017273,0.020176684483885765
523,남자가 사회생활하려면 당연히 조신하게 화장을 하는 게 예의지. 자르셋 힘조!,Positive,0.939689040184021,0.060310933738946915
527,"저도 화장하는 남자인데.... 화장하는것을 남녀 구분하는것을 매우 잘못되었다고 한다. 남자다움, 여자다움에 구애받지 않고, 자신이 남자인데도 화장을 하고 다니는 것은 그게 나 다운 것이다. 그리고 왜 화장을 하고 다니는 이유는 자신이 다른 사람들에게 잘 보이기 위해서이기도 하고, 잘 생겨 보이고 싶어서 이기도 하다. 솔직히 꾸미고 다니는 남자들이야 말로 자기관리를 잘하는 것이다. 그리고 화장을 해야 더  피부도 좋아보이고 잘생겨보인다. 그래서 나도 남자이지만 화장을 잘 하고 다닌다.",Positive,0.8858315348625183,0.11416845768690109
528,47초..안타깝지만 저는 화장안한다고 '좀 꾸미고 다녀'라는 말을 지겹게 들은 입장으로써 공감하기가 어렵군요ㅜ영상 취지는 정말 좋았어요! 나다운게 최고죠b,Positive,0.9925885796546936,0.007411427330225706
530,햄구들이랑 바순바돌이들이 왜이리많지 좋다ㅎㅎㅎ끼힣힣 다들 색안경같은거 안끼고 차별대우 안햇으면좋겟는데 왜그런데...,Positive,0.9982821345329285,0.0017178428824990988
540,이거보고 여자가 따라할수있는데 왜 악플다는지 모르겠음,Positive,0.9943727850914001,0.005627207458019257
541,멋짐,Positive,0.9965659976005554,0.0034340270794928074
542,관리 안하는 남자보다10000배 낫다,Positive,0.9975237250328064,0.0024762738030403852
546,화장 안 하는 여자한테 왜 화장 안 하냐고 하는 꼰대들 있습니다^^,Positive,0.9096375703811646,0.09036243706941605
549,나자신을 가꾸는모습 좋은건데 왜 비하하는분들이 계시는지 모르겠어요ㅠㅠ,Positive,0.998270571231842,0.0017294466961175203
550,남자가화장하는게 싫은게아니라  여성스럽게 행동하는게 이성으로 호감이안가는거지 남자들도 뷰티에 관심갖는건 좋다고 본다,Positive,0.8856261372566223,0.11437389254570007
551,글구 저분들 존잘,Positive,0.9687449336051941,0.03125505894422531
555,남자도 깔끔하고 예쁘면 좋음. 왠만한남자 연애인들 다화장함,Positive,0.9774625897407532,0.02253740467131138
556,근데 여자화장안한다고도뭐라하는 사람있어요.되게 잘못된거지만ㅋㅋ,Positive,0.9747341871261597,0.025265797972679138
558,와...저 안경쓰신분 누구져??짱 귀여워여ㅜㅠㅜㅜ,Positive,0.9980706572532654,0.001929324003867805
559,왜. 이쁘기만 하구만ㅡㅡ 잘어울려요! 더 보란듯이 당당히 하고 다니세요,Positive,0.9951798915863037,0.004820162896066904
569,뭔가 자꾸보게된다..,Positive,0.9981701970100403,0.0018298180075362325
575,아니요 제가쓸건데요아 멋있다...이상한가치관 고정관념 편견 없어지길,Positive,0.9870900511741638,0.012909959070384502
577,왜 화장은 여자만한다는 편견이있는걸까,Positive,0.8621947765350342,0.13780523836612701
581,오 다들 멋지네 자기관리도 잘하고 안꾸미는 남자보단 화장해서 여자라고 욕듣는 남자가 훨 멋지지ㅋ,Positive,0.8948923349380493,0.10510770231485367
583,난 화장하는 남자 좋던데..ㅋㅋ,Positive,0.9285012483596802,0.07149870693683624
586,요즘세상은 남자답자 여자답다 보단 나답다 나다운거를 추구하는거 같아요 난 좋타고 생각함 또 남자는 남자다워야해 이런것도 있을수 있다고 생각함 그게 나쁜건 아님 다만 둘다 좋은건데 그걸 강요해선 안된다고 생각함 그냥 서로 인정해주면됨 아 저렇구나 저사람은,Positive,0.995735228061676,0.004264755640178919
588,화장한다=여성스러움 으로 선입견이 박혀있는게 너무 싫다 ㅠㅠ 화장한다=나 자신을 가꿀줄 안다 로 바꼈으면 좋겠네요..,Positive,0.9858884811401367,0.014111550524830818
590,악플러들은 지들은잘생겼다고생각하고 지랄하는거죠^^ 남성분들도 화장할수있고여성분들만화장한다는 편견을버려야죠,Positive,0.996913492679596,0.003086553420871496
599,화장하는데 남자건여자건 뭔상관이냐 ㅋㅋ 하고싶음하는거고 관심없으면 안할뿐임 욕하는 사람 진짜이해안된다 ㅋㅋ,Positive,0.9869721531867981,0.01302783377468586
600,다 머시써요! 레오제이도 머시써!!!!!!!!!!!,Positive,0.9968476891517639,0.0031523520592600107
608,구와아악 후니언님!! 순례 와써요오!!!,Positive,0.9959624409675598,0.004037588369101286
609,"저화장정도면 정말!!좋은데 펄섀도우,엄청빨간립막이러면 좀 부담스럽기는함",Positive,0.9981616735458374,0.0018382798880338669
610,근데 게이를 무시하는건 뭐지....ㅠㅠ이상하게 보는건 몰라두 무시는 좀....ㅠ,Positive,0.9087027907371521,0.0912972092628479
611,나는 남자도 화장하는게 왜 이상하다고 하는지 아직도 잘 모르겠음 ... 남자가 왜 화장하면 게이리고 불리는거지 ? 잘못된 생각이 다 모든것을 망쳐놓는건데...,Positive,0.9053150415420532,0.09468501806259155
614,저분들한테 게이새끼냐고 비아냥거릴시간에 본인이나 좀 가꾸길..ㅋㅋㅋㅋㅋ제발 좀 꾸미고다녀라ㅜㅜ..,Positive,0.9614472985267639,0.038552720099687576
619,저 여기서 구독하고 보는 분 계시는게 화장하시는거 보고 그렇게 이상하다고 생각 안들던데...,Positive,0.8666756749153137,0.13332433998584747
628,"현재 젊은 층의 대표적인 생각이 남성 여성의 틀 타파, 동성애도 사랑인듯 엄청 그런 댓글이 지배적이네 어린 애들이 아무 생각없이 획일화된 가치관만 안 가졌으면 동조사상이 너무 심해...뭐가 옳은지 그른지는 자기 스스로 개인적으로 파악하는 거지 차별 안 하는 게 옳은 거지만 아무런 이유도 모르고 차별하지 말자 외치는 건 자기 생각이 아님",Positive,0.8631559014320374,0.13684415817260742
631,헐 레오제이쓰~~!!!!!!!!!,Positive,0.969856321811676,0.030143674463033676
636,화니님!!!!!,Positive,0.9972903728485107,0.0027096238918602467
644,후니언님이닷,Positive,0.9962553381919861,0.0037446890491992235
649,자기를 멋있게 만드는 과정이지 이상한게 아니잖아?남자는 화장하면 안된다고 법정해져있음?,Positive,0.991595447063446,0.008404557593166828
652,To.악플러아이돌도 메이크업하는데그럼 seven틴 방tan도 게이냐*이 댓은 절때 얻어터지는게 좋아서 적은게 아닙니다   유명한  아이돌그룹으로 적은것이므로 악플 적지 말아주세요,Positive,0.9108026623725891,0.08919734507799149
656,"악플러분들 아이돌들도 다 화장해요~보이그룹 , 걸그룹 어차피 다~화장해요~여자 남자 성별이 뭐가 중요해요. 자신의 개성을 펼치는게 더 중요하니악플쓰지마시고 선플답시당",Positive,0.9399274587631226,0.06007257103919983
659,그딴 편견을 왜 가져 걍 자기가 하고싶으면 하는거지 화장한다고 왜 게이라고 그러세요 ㅜ,Positive,0.9898064136505127,0.010193638503551483
662,보편적이지 않은 그쪽대다수가 저렇?게 하고다니니 물어볼수는 있다고생각함 근데 비난하는짓은 하지말아야ᆢ,Positive,0.9483546018600464,0.05164545401930809
667,오옷 레오제이님이닷!,Positive,0.9952365756034851,0.004763385280966759
668,난 꾸미는 남자 좋음.깔끔하고 깨끗하고.털 제대로 안깎고 콧털 살짝살짝보이는 여드름난 남자들을 보느니 화장하고 꾸미는 남자 좋음,Positive,0.9974685907363892,0.0025313994847238064
675,뭐 비비 바르면 괜찮을텐데 눈썹 정리하면 괜찮을텐데 뭐하면 더 좋을텐데 뭐라하면서 정작 하면 남자가 뭔 화장이냐 여자도아니고 이러면서 욕이나 하고 아이돌은 왜 화장한다고 뭐라안하세요? 왜 아이돌은 되고 저런분들은 왜 안되는거죠? 여자분들이라면 솔직히 화장하는 기분을 아니까 저런말 하면 안되는거아닌가? 존중해주세요 개취잖아요 처다볼순있어도 악플은 달지맙시다 그렇게해서 좀더 나아보이고 잘생겨보이면 좋은거지,Positive,0.8737234473228455,0.12627659738063812
680,(뭐 남자들은 화장하면 안돼냐? 성인들은 다 화장할수있는거야!!!)라고 악플단사람에게 말해주고 싶네여,Positive,0.9447150230407715,0.055284954607486725
682,여기 햄튜브언니 프사 왤케많앜ㅋㅋ,Positive,0.9944446682929993,0.005555321928113699
686,크으...다들 깨어있다bbbbbbbbbbb저분들 욕하지말고 좀 니들도 꾸며라......저분들 잘생겨서 욕하냐ㅋ,Positive,0.9905376434326172,0.00946233980357647
689,어라랏 원딘님과 준이님이빠지셨다!,Positive,0.9946602582931519,0.005339755676686764
690,남자도 여자도 화장해도 되지만 몇몇 댓글보면 제발 하라는 글 들도 많이봤고 이런거 보면 그냥 여자보고 화장 안하냐? 같은 말로 들려요...그렇게 말하는사람들이 개념이 없지만 남자도 꼭 해야될이유는 없는것같아요 여자도 마찬가지구요 자기관리를 위해서 화장을 하는것도 좋지만 자유란게 있으니깐? 남자나 여자한테 꾸미고 화장 좀 해라!라고 강요하는 말은 하면 안된다 생각하네요.. 그리고 남자라고 안 씻는다라든가 꾸미지않는다 제 생각엔 이런것도 편견같아요..길어졌지만 하면 하고 안하고 싶으면 안하는 세상이됬으면 좋겠네요,Positive,0.8660020232200623,0.13399800658226013
696,관리안하는 남자보다 훨나음,Positive,0.9807295799255371,0.019270427525043488
701,"이분들은 다른사람들에게 잘보이기위해, 그리고 나 자신을 소중히 여기기땜에 스스로를 가꾸는 건데 자기관리 따위 1도 안하면서 이분들 욕하지마라 이런데까지와서 악플달 시간에 니들 인성 관리나해",Positive,0.984552264213562,0.01544774230569601
702,남자건 여자건 자신을 꾸밀 수 있고 꾸미는 데 있어서 즐거움을 얻는 멋지신 분들인데 굳이 성별이 필요한가요 이상한 시선을 가지게 된 자체가 고정관념 때문인데 고정관념 좀 버렸으면 함 여자면 이렇고 남자면 이렇다는 생각을 좀 버렸으면 함,Positive,0.9976590275764465,0.0023409936111420393
704,악플러들.. 진짜 한심하다.. 남자들이 화장하면 어때요? 전 여자지만 남자들은 화장하면 안됀다는 편견은 없으면 좋겠어요!,Positive,0.9937971234321594,0.0062028816901147366
708,내얼굴이고 내가관리하는거고 내가좋아서하겟다는데 주위시선이 참 왜그런지ㅋ,Positive,0.9893724322319031,0.010627543553709984
711,"진짜 학습된 여성성,남성성으로 편견갖지 말았으면좋겠다.여자면 다 날씬하고 머리길어야되는것도아니고 남자라고 근육질에 머리짧아야 되는것도아니고,,;;우리나라사람들 제발 오지랖과 편견을 버리길.",Positive,0.9981813430786133,0.0018186664674431086
712,오!화니님!,Positive,0.9935446381568909,0.006455346010625362
715,요즘 노인들은 노인답지 못함,Positive,0.9966240525245667,0.0033758925274014473
734,근데 남성뷰티 유튜버들보면 진짜 다들 여성스러워서 놀랬음 나만 느낀건가??,Positive,0.9382601976394653,0.06173980236053467
738,오와아ㅏㅏ아아아아ㅏㅏㄱ 후니언님이다,Positive,0.968942403793335,0.03105761669576168
741,하시는말씀 전부다 맞는데 왜 그렇게들 말하는지 이해가안되네요 악플다는사람들은 무슨생각으로 그러는걸까요,Positive,0.9204654693603516,0.07953450828790665
742,썸네일 맨오른쪽에 있으신분 성함이 어떻게 되는가요?,Positive,0.9072748422622681,0.09272516518831253
748,난 괜찮다고  생각하는데,Positive,0.9979246258735657,0.002075350843369961
750,악플러들존나 프로오지랖러,Positive,0.9327691197395325,0.06723092496395111
762,남자건 여자건 화장하면 꼭 잘보일라고 하는줄아는데 솔직히 자기만족이거든 그리고 하면서 변화하는 과정도 잼있고내가 좋다는데 내가 즐겁다는데 왜 지내가 판단을하는지 유튜버들은 공감을하자고 영상을 올리는거지 욕먹을라고 올리는것도 아니고 본인이 하면서 행복을 찾는건데왜 간섭이지? 무슨 장비 비용을 내줬어화장품을 사줬어그리고 난여자이지만 나는 남자도 화장을 할수있다 생각하는데여자도 컨실러나 등으로 잡티를가리거나 좀더 눈이 아름답게피부가아름답게 하는건데 남자도 아름다워 질수있는거지메이크업은 하나에 예술임 그림과도 같은거지!!,Positive,0.9836949706077576,0.016305018216371536
765,자아~ 악플러님들 욕하고 싶으면 그사람직접찾아가서 이야기해보세요 그리고 얼굴안보고 댓글다는거라 더 자신감 생기는거 아닌가요?,Positive,0.9198870658874512,0.08011293411254883
770,헐 후니언이당,Positive,0.9525536894798279,0.04744633287191391
773,후니언 !!,Positive,0.9945598840713501,0.005440152250230312
775,레오제이^^>>>,Positive,0.9900692701339722,0.009930782951414585
777,여자는 안하면 지랄이고 남자는 하면 지랄이야 니들이 뭔데 지랄이지?니들은 그럴 자격없다는걸 모르나나는 그냥 나인거잖아,Positive,0.9900813102722168,0.009918725118041039
783,잘생긴 남자들이 화장하고 영상 올리고 내가 또 영상을 보고 전 너무 좋기만 한데 여자가 유튜브 화장하는거랑 다르게 생각한적이 없는데 이상한말로 악풀 다는 사람 핵노답 왜사심,Positive,0.9976922273635864,0.002307736547663808
784,왜? 멋진데? 그렇게 흔하게 말하고다니는 자기관리라는것도 이런부분까지 속하는것같은데?,Positive,0.9978692531585693,0.002130727516487241
786,호옹 므시써!!,Positive,0.9543771147727966,0.04562292620539665
787,아니 왜죠화장하는 남자인건데거기에 왜 트젠분들 게이분들비하하는거죠...저분들도 이상한게 아니죠진짜 여자만 화장한다 라고 생각을하는게...,Positive,0.9558033347129822,0.04419664666056633
791,헉 후니언님이다,Positive,0.9760928750038147,0.023907139897346497
794,그럼 남성 연예인들은 거의 화장하는데 다 남자답지 못한건가여...모순적인 잣대로 사람을 판단하지 말았으면 좋겠어요. 피해만 안주면 되는거잖아요.,Positive,0.9558677673339844,0.04413224011659622
796,"뭘하든 여자,남자 따지는 건 아닌 것 같다 사람들이 남성평등 남성평등 그러는데 남성평등이 실현되려면 사람들이 생각하는 것부터가 바껴야될 것 같다 '쟤는 남잔데 왜 화장해?' , '쟤는 여잔데 왜 축구선수가 되고 싶대?' 라는 고정관념부터 없애야 한다",Positive,0.9852287769317627,0.01477125659584999
801,뭐 이래라 저래라 비난 비판할 시간에 몸소 실천 하시길,Positive,0.99429851770401,0.005701483692973852
802,"그리고 또 어이없는거... 화장하는 남자, 화장 안하는 여자는 성평등에 대한 역압에 시위적인 행동으로 이루어진 뭐시기로 생각하는 사람이 젤 꼴불견임 그러면서 아 힘내세용!! ㅇㅈㄹ 개싫은게 자기 그냥 화장 하고싶어서 하고 안하고 싶어서 안하는건데 남자가 하면/여자가 안하면 꼭 시위적인 행동으로만 생각해서 와 멋있어요... 대박... 힘내영!! 하는거 별로라 생각함 물론 그 사람 자체를 좋아하고 멋있어해서 멋져용 하는거면 뭐라 안그러는데 중요한건 화장 하고 안하는거에 그냥 귀찮아서,잘생겨 보이고 싶어서! 같은 원초적인 이유를 두고 거창하게 생각하는 사람들은 자신도 모르게 편견 껴있는 사람",Positive,0.991455078125,0.008544933050870895
808,"제발 ""남자가 화장하면 극혐이다"" ""저게 남자임"" ""게이야?""라고 하는 시대는 이제 끝났어요 이젠 그런 편견들을 벗어야할 시대하고요 근대 대체 ""남자가 화장하면 극혐이다"" 이런 식으로 말하는 사람들은 어느시대 사람이신거죠?",Positive,0.9960266947746277,0.003973317798227072
813,Man 아닌가요.. 처음에 men이라 쓰는데,Positive,0.9774547219276428,0.022545257583260536
814,흠...영상 다 맞는말이고선플들밖에 안보여서 좋네 근데 유튜브로 착한척들 그만좀하지?;..,Positive,0.9932535290718079,0.006746464408934116
816,후니언님 맞죠??조땨는 교정기 꼈었네욤,Positive,0.9423564672470093,0.05764353275299072
819,남자가 왜 화장하고 다니냐 게이냐 이런 수준낮은 발언들 하는 사람들아 너네보다 저사람들이 백배는 더 나아 ㅠㅠ 너네같이 빻은 말만 하는 사람보다 화장해서 이뻐지고 옳은 말만 하는 저사람들이 훨씬 좋아 너네도 관리좀 해^^,Positive,0.9950193762779236,0.0049806018359959126
822,악플 다신 분들은 세수는 하고 악플쓰나요?,Positive,0.9411823749542236,0.05881766974925995
835,후니언님이다!!,Positive,0.9961386919021606,0.003861283417791128
838,남자가 화장해서 게이면 여자가 화장하면 레즈냐? 개 웃기네 ㅋㅋㅋ 남자 화장하던 말던 못 상관 들이세요? 남자고 여자고 꾸미는건 자기 마음이다 그걸 뭐라고 하고 악플 다는 인간들이 더 이상한거다,Positive,0.9240565896034241,0.07594342529773712
841,후니언 이다!,Positive,0.9847882390022278,0.015211815945804119
858,좀본받고 니들와꾸관리좀해라 웃기네ㅋㅋㅋㅋ,Positive,0.9767323136329651,0.023267723619937897
873,"악플을 다시는 분들 생각 좀 하시고 하셨음 좋겠어요. 화장하시는 남성분들에게 게이냐고 말하는 것 자체가 좀 아니라고 생각하고, 게이라는 기준이 뭐죠? 동성애분들을 상처주는 말 하지마시고, 생각 좀 하세요. 남이 뭘하든 상관 하지말고",Positive,0.9483135938644409,0.05168642848730087
877,"악플들에게 너무고정관심이 너무박혀있는거같아요 워너원,방탄,이분들도화장하고있어요 근대왜 남자뷰티크래이터만 욕하세요?그게가장궁금해요 재발고정은 깨버리시고 그냥 ''남자들도화장을 하구나""라고생각해주세요 약속♡♡",Positive,0.9955394268035889,0.0044605848379433155
879,후니언님이당,Positive,0.9953694343566895,0.004630547948181629
882,솔까 남자들 화장한다고 게이새×냐 트렌스젠더냐 미친.. 징글... 이라고 안꾸며서 못쉥기고 모공 다보이고 눈썹 수북히 쌓이고 얼굴시뻘게가지구 기름기 가득한것보단 멀끔하게 눈썹정리하고 음영넣고 피부톤 적당하고 기름기 다잡는 꾸미는 남자가 더 나으니깐 이글 보는 악플러들 제발 거.울.보.고.말.하.세.요,Positive,0.9402597546577454,0.05974023416638374
884,저기 잘생님남자분둘다 유튜브이룸먼가요..ㅎ,Positive,0.926744818687439,0.07325515151023865
903,사람은 누구나 아름다워질 자격이 있는거지.. 왜 악플을 달고구래 니얼굴도 아니구 불법두아닝데,Positive,0.9859858751296997,0.014014109969139099
913,여자가 머리 숏컷하고 투블럭하고 바지 입고 화장 안하고 안 꾸미고 다니면요 트렌스 젠더냐?라고 하고요 넌 걍 남자해라 걍 성 전환 수술 해 이러고요 학교에서 여자화장실  들어가면 어? 거기 왜 들어가냨ㅋㅋ 넌 남자 화장실 가야짘ㅋㅋ 이러면서 주변 애들이랑 쪼개요 남자가 화장을 한다고 해서 찾아오는 불이익도 있지만 여자가 꾸미지 않고 숏컷에 투블럭에 옷도 바지만 입고 다니면 생각보다 불이익이 많아요 전 이제 그런 애들이 저한테 그러는걸 말리는것을 포기했어요 그런데 마음은 계속 아프고 상처를 받아요 말싸움을하면 인신공격으로 저런 이야기들을 많이 해요 저는 울지 않아요 마음이 아픈데 너무 익숙해져서 눈물이 나오지 않는건기 모르겠지만 굉장히 힘들다는걸 친구들이 알아주면 좋겠어요,Positive,0.9315637350082397,0.06843629479408264
919,남자들도 가꿀줄 아는거 당연한거 아닌가? 부정적인 생각 가지는 사람 들이 이상한거네ㅡㅡ그럼 화장하는 남자연예인은 다 게이냐? ㅡㅅㅡ?,Positive,0.9518672823905945,0.04813270643353462
922,후니언님. ??!!!,Positive,0.9914188385009766,0.008581182919442654
923,어우 쉣 5천년동안 남자다움 여자다움에대한 선입견이 뿌리깊게 박혔는데 그걸 하루아침에 바꿀려고 하네,Positive,0.9486411809921265,0.051358796656131744
924,후니언..?,Positive,0.9572443962097168,0.0427556186914444
931,웨!난 좋은데!,Positive,0.998214066028595,0.0017859138315543532
945,후니언님..?,Positive,0.986549437046051,0.013450521975755692
948,근데 악플도 관심이예요. 관심없는데 왜 그 영상에 댓글을 달고 그영상을 왜 들어가고 그래요?인정? 관심없음 댓글을 달지도 않고 영상도 들어가질 않은데 악플다는 사람은 그냥 관심받고싶고 모두가 다른것보다 나를 보고 관심을 가져줬으면 하다하는 사람이 악플다는 사람아닐까요?,Positive,0.9959139227867126,0.00408607954159379
950,그 뭐 화장하는건 상관없는데중학교때 기억나는데 남잔데 얼굴이 비비덕지발라서 하얀데 목이 황색인데 말투가 여성스러운 그런애가 있었는데뭐 그럴수있고 성차별이라 할수있는데 그냥 본능적으로 같이 있는게 왠지 무서웠음,Positive,0.9852296710014343,0.01477034855633974
951,요즘 성차별아직두있나?ㅋ 그럼 여자는의사하지말라그래 ㅠ; 아직두 그런악플있는게 더웃기네 ㅎㅎ 게이가 그런기준이구나? 게이가 언제부터욕이었지? 오지랖좀 챙기세여 ㅎ,Positive,0.9558464288711548,0.04415355622768402
955,잘 듣다가 좀 그런데 여성들에게 오는 코르셋과 남성분들이 겪는 것은 질적으로도 수준적으로도 판이하게 달라요...어느쪽이든 여성들이 훨씬 더 심하게 겪죠 여성들이 자기관리를 안 하면 남성들에게 가해지는 것의 수십배의 질타를 받고 사회적 시선도 따라오는데 잘못 알고 계신 것 같네요...그런 발언은 자제해주셨으면ㅠ,Positive,0.9666511416435242,0.03334886208176613
956,"젠더리스한 세상을 원합니다 나쁘지않다고 생각해요. 여성,남성으로 이분법적으로 굳이나눠야하나요. 같은사람인데",Positive,0.9233632683753967,0.07663667947053909
972,피부관리=화장 ? 이건좀아닌데.. 화장= 자기관리 ? 자기관리는 운동이다. 남자를 딱볼때 몸좋은 사람보고 드는생각이 '와저사람 진짜 관리잘햇구나' 라는생각이든다. 근데 화장을 한 남자를 볼땐 과연 그생각이들까..? 우와 자기관리잘한다 이럴까?물론 욕하거나 비하하진않는다.. 왜?그건 그들만의 개성일수있으니까.하지만 안좋게 인식되는건어쩔수없다. 다존중한다. 개성도좋고 다좋은데 아닌건 아닌거다. 이런 영상으로 자꾸 남자가 화장하는걸 일반화 시킬려고하지말자.,Positive,0.9406388401985168,0.059361137449741364
